gene,rho,n_coess,coess_p,hit_freq_all
Slc19a3,-0.7764,29,7.421e-07,0.01
2810004N23Rik,0.7713,30,6.077e-07,0.2717
Exosc8,0.7553,30,1.407e-06,0.3143
Aga,-0.7517,29,2.592e-06,0.0297
Mettl16,0.7383,31,2.126e-06,0.3441
Mtg2,0.7317,30,4.341e-06,0.3736
Mtor,0.7306,31,3.058e-06,0.3264
Gcsam,-0.73,29,6.962e-06,0.0081
Pabpc1,0.7241,30,6.082e-06,0.3298
D16Ertd472e,-0.7222,29,9.746e-06,0.0568
Dck,0.717,30,8.272e-06,0.0566
Gm14393,0.7166,30,8.430e-06,0.186
Olfr1323,-0.7153,29,1.296e-05,0.0
Twistnb,0.7103,30,1.095e-05,0.3587
Chd4,0.7093,31,7.935e-06,0.2432
Mrpl4,0.6997,30,1.687e-05,0.25
Znhit6,0.698,29,2.556e-05,0.2903
Med12,0.6962,31,1.363e-05,0.4124
Eif2b2,0.6961,30,1.941e-05,0.4066
Acat1,-0.6951,29,2.858e-05,0.0192
Gm10408,0.6948,30,2.044e-05,0.3095
Nphp4,-0.6926,29,3.134e-05,0.0114
Pitx1,-0.6921,30,2.267e-05,0.0333
Wdr92,0.6868,30,2.777e-05,0.2527
Aasdhppt,0.6863,30,2.824e-05,0.2941
Trmt6,0.6857,29,4.036e-05,0.3696
Polr2k,0.6857,29,4.036e-05,0.1692
Olfr1443,-0.6836,30,3.121e-05,0.0122
Gm5795,0.6805,30,3.502e-05,0.3333
Pdpn,-0.6805,30,3.502e-05,0.0192
Pfdn2,0.675,31,3.110e-05,0.3011
Pisd,0.6743,30,4.392e-05,0.2358
Kri1,0.6694,30,5.228e-05,0.3059
Nmnat2,-0.6667,30,5.742e-05,0.0
Pkp4,0.6665,29,7.896e-05,0.0562
Rtcb,0.6654,30,6.015e-05,0.337
Gm13275,0.6636,30,6.397e-05,0.1304
Olfr328,0.6635,29,8.718e-05,0.012
Mpv17l,-0.6635,29,8.718e-05,0.0449
Hist1h2ab,0.6625,31,4.902e-05,0.1912
Psma3,0.6623,30,6.698e-05,0.3558
Fyco1,-0.6618,30,6.801e-05,0.0568
Mgat4a,-0.6596,29,9.932e-05,0.02
Ube2d2a,0.6567,29,1.094e-04,0.0306
Slc29a3,-0.6567,29,1.094e-04,0.0392
Nr2f6,-0.6537,29,1.203e-04,0.019
Gemin6,0.6529,30,9.183e-05,0.3118
Pla2g6,-0.6527,29,1.242e-04,0.0396
Sept5,-0.6508,25,4.275e-04,0.0
Bub1b,0.6503,30,1.003e-04,0.2736
Kif27,-0.6502,29,1.344e-04,0.0562
Sdad1,0.6453,27,2.785e-04,0.3523
Adamts3,-0.6453,29,1.569e-04,0.03
Mrps35,0.6445,30,1.211e-04,0.2047
Pate1,-0.6443,29,1.618e-04,0.0
C330027C09Rik,0.6427,30,1.282e-04,0.1915
Trpc3,-0.6399,29,1.855e-04,0.0306
Ctu2,0.6396,30,1.416e-04,0.2766
Lce1e,-0.6394,29,1.883e-04,0.0377
Psmb4,0.6393,28,2.499e-04,0.3689
Huwe1,0.6387,30,1.456e-04,0.2585
Ccdc138,-0.6379,29,1.970e-04,0.0
Haus1,0.6374,29,1.999e-04,0.3371
Arfip1,-0.6374,29,1.999e-04,0.0
Extl3,0.6365,29,2.060e-04,0.049
Vmn1r114,0.6362,26,4.761e-04,0.3095
C1qbp,0.6352,30,1.628e-04,0.1979
Itgb2l,-0.635,29,2.154e-04,0.0119
Susd2,-0.6335,29,2.252e-04,0.0114
Rbm8a,0.6331,31,1.323e-04,0.3443
Fam217a,0.632,29,2.353e-04,0.0114
Eed,0.6303,30,1.894e-04,0.1892
Gsto1,-0.63,29,2.495e-04,0.0291
Ercc6l,0.6296,29,2.531e-04,0.186
Hmgb1,0.629,31,1.504e-04,0.3587
Zfp984,0.629,31,1.504e-04,0.2353
Phb,0.6289,30,1.973e-04,0.3645
Ndrg3,0.6285,30,2.000e-04,0.2273
Gmppb,0.6278,31,1.563e-04,0.3271
Nop56,0.6266,31,1.623e-04,0.3474
Esp31,-0.6261,29,2.801e-04,0.0156
Snrpf,0.6258,31,1.665e-04,0.3474
Apex1,0.6256,29,2.841e-04,0.0845
Timm44,0.6254,30,2.197e-04,0.3204
Dclre1b,0.6249,30,2.227e-04,0.1957
Mbd3,-0.6222,29,3.140e-04,0.0849
Rps2,0.6218,30,2.445e-04,0.4
Hist1h2ae,0.6218,31,1.886e-04,0.2754
Mettl14,0.6214,30,2.477e-04,0.3558
E2f8,-0.6212,29,3.230e-04,0.0543
Wdr3,0.621,31,1.933e-04,0.3368
Trmt10c,0.6192,29,3.417e-04,0.2935
Cct3,0.619,31,2.057e-04,0.381
Vmn2r32,0.6187,29,3.465e-04,0.1395
Chchd2,0.6182,30,2.716e-04,0.16
Serpinf2,0.6177,29,3.564e-04,0.02
Timm50,0.6174,30,2.788e-04,0.3846
Lars2,0.6172,29,3.614e-04,0.3119
Prpf8,0.616,30,2.899e-04,0.3429
Rbmxl1,0.616,30,2.899e-04,0.2135
Obox5,0.6158,29,3.768e-04,0.0741
C1qtnf2,0.6148,29,3.874e-04,0.023
Atp5b,0.6142,30,3.053e-04,0.3611
Bpifa5,-0.6142,30,3.053e-04,0.0341
Mbtd1,0.6138,30,3.093e-04,0.0841
Prelid1,0.6133,31,2.439e-04,0.3871
Mettl26,-0.6133,29,4.037e-04,0.0444
Osgep,0.6129,30,3.174e-04,0.3235
Olfr380,0.6125,31,2.498e-04,0.0769
Yars2,0.6121,31,2.528e-04,0.3774
Crip3,-0.6113,29,4.265e-04,0.0227
Cpz,-0.6113,29,4.265e-04,0.0198
Lims1,0.6108,29,4.324e-04,0.0549
Olfr331,0.6107,30,3.383e-04,0.0656
Etf1,0.6105,31,2.653e-04,0.3956
Uba1,0.6105,31,2.653e-04,0.3558
Olfr229,0.6102,30,3.427e-04,0.0617
Lsm6,0.6102,30,3.427e-04,0.2714
Snrpd1,0.6101,31,2.684e-04,0.3404
Fam184b,-0.6094,29,4.504e-04,0.0227
Rassf9,-0.6084,29,4.628e-04,0.04
Mrpl45,0.6081,31,2.849e-04,0.3333
Gtpbp4,0.608,30,3.651e-04,0.3302
Slc12a1,-0.6079,29,4.691e-04,0.0204
Hist1h3e,0.6076,30,3.698e-04,0.3103
Gm5538,-0.6076,30,3.698e-04,0.0122
Orc4,0.6067,30,3.792e-04,0.3444
Gps2,0.6064,29,4.884e-04,0.1193
Nol6,0.606,31,3.022e-04,0.3617
Trmt112,0.6044,31,3.167e-04,0.3333
Wdr13,-0.6039,29,5.223e-04,0.0213
Nutf2,0.6036,31,3.242e-04,0.381
Tlr13,-0.6034,29,5.293e-04,0.0227
Chrm2,-0.6034,29,5.293e-04,0.01
Romo1,0.6027,30,4.244e-04,0.4111
Gm13178,-0.6025,29,5.435e-04,0.0127
Polr3e,0.6022,30,4.297e-04,0.3333
Dynlt1a,0.602,27,8.942e-04,0.25
Olfr1120,0.6015,29,5.581e-04,0.0123
Mup1,0.6015,29,5.581e-04,0.1304
Farsb,0.6009,30,4.459e-04,0.3365
Ccl19,0.6004,30,4.515e-04,0.12
Wbscr22,0.5984,31,3.769e-04,0.2788
Zfp473,0.5982,30,4.801e-04,0.0319
Esyt3,-0.597,29,6.281e-04,0.0115
Med24,0.5966,29,6.364e-04,0.3516
Scd2,0.5964,31,3.991e-04,0.1579
Csrp2,-0.5951,29,6.617e-04,0.0112
B3galt1,-0.5951,29,6.617e-04,0.0
Dctn6,0.5948,31,4.177e-04,0.3429
Sf3b6,0.5944,31,4.224e-04,0.3222
Mafb,-0.5941,29,6.790e-04,0.0568
Mfsd14b,0.5936,29,6.878e-04,0.0225
Olfr716,0.5936,29,6.878e-04,0.025
Vprbp,0.5923,31,4.470e-04,0.3178
Hist1h2bm,0.5919,31,4.520e-04,0.2833
Mib2,-0.5901,29,7.524e-04,0.0485
Amacr,-0.5892,29,7.718e-04,0.0283
Trit1,0.5892,29,7.718e-04,0.1905
Slc1a6,-0.5887,29,7.817e-04,0.0204
Etnk2,-0.5882,29,7.916e-04,0.1
Timm13,0.5867,30,6.560e-04,0.3396
Taf8,0.5862,29,8.326e-04,0.2617
Psmd6,0.5862,30,6.638e-04,0.2952
Tmprss6,-0.5862,29,8.326e-04,0.0
Paip2b,-0.5862,29,8.326e-04,0.0111
Polr2c,0.5857,29,8.432e-04,0.3137
Sf3b1,0.5855,31,5.400e-04,0.2796
Ly6c2,0.5852,29,8.538e-04,0.0926
Polr3h,0.5849,30,6.876e-04,0.31
Dgat2,-0.5847,29,8.646e-04,0.0196
Rpp21,0.584,30,7.039e-04,0.3738
Hmgcs1,0.5839,31,5.643e-04,0.3143
Dnaaf5,0.5835,30,7.122e-04,0.3077
Atp6v1f,0.5835,31,5.705e-04,0.3069
4930550L24Rik,-0.5833,29,8.976e-04,0.0114
Rims4,-0.5833,29,8.976e-04,0.023
Bhlhe23,-0.5826,30,7.289e-04,0.0
Slc1a5,-0.5823,29,9.203e-04,0.0943
Gm2897,0.5818,30,7.461e-04,0.2647
Exosc5,0.5818,30,7.461e-04,0.25
Ets2,-0.5813,29,9.434e-04,0.0543
Jam2,0.5813,29,9.434e-04,0.0227
Msc,-0.5808,29,9.552e-04,0.0333
Gm5796,0.5806,31,6.156e-04,0.2439
Tuba1b,0.5803,29,9.670e-04,0.3378
Col8a2,0.58,30,7.814e-04,0.0342
H2-T23,-0.5795,30,7.905e-04,0.1075
Utp15,0.5793,29,9.912e-04,0.3864
Gtf2h1,0.5793,29,9.912e-04,0.184
Vmn1r158,0.5791,30,7.996e-04,0.14
Cfap57,-0.5778,29,1.028e-03,0.046
Emb,-0.5778,29,1.028e-03,0.0112
Gm10220,0.5774,31,6.710e-04,0.3778
Csnka2ip,-0.5773,30,8.372e-04,0.0114
Vmn1r149,0.5768,29,1.054e-03,0.125
Olfr1353,-0.5768,29,1.054e-03,0.025
Bpgm,-0.5768,29,1.054e-03,0.02
5430421N21Rik,0.5765,22,4.977e-03,0.0141
Gm10024,0.5764,30,8.565e-04,0.0513
Ppbp,-0.5764,29,1.067e-03,0.0
Camkk1,-0.5764,29,1.067e-03,0.0194
Srsf12,-0.5764,29,1.067e-03,0.0351
Lig3,0.576,30,8.663e-04,0.1857
Zfp992,0.5755,30,8.763e-04,0.2564
Mtfr1,0.5754,29,1.093e-03,0.0568
Imp3,0.5754,31,7.079e-04,0.3647
Pik3c2g,-0.5749,29,1.106e-03,0.0
Psmg2,0.5746,31,7.231e-04,0.2667
9530077C05Rik,-0.5744,29,1.120e-03,0.0
Cryba1,0.5742,30,9.066e-04,0.0674
Snrpd3,0.5742,30,9.066e-04,0.3804
Ralgps1,-0.5739,29,1.134e-03,0.0225
Stx8,0.5734,29,1.147e-03,0.0455
Tomm20,0.5734,31,7.465e-04,0.1951
Gm5458,0.5726,31,7.624e-04,0.2683
3830417A13Rik,-0.5719,29,1.190e-03,0.0337
Plxna1,-0.5719,29,1.190e-03,0.0385
Lamtor2,0.5715,30,9.701e-04,0.3696
Sae1,0.5714,31,7.869e-04,0.3235
Pak1ip1,0.5714,31,7.869e-04,0.3535
Mmp12,-0.5714,29,1.204e-03,0.0
Rint1,0.5709,29,1.219e-03,0.2386
Galnt15,-0.5704,29,1.233e-03,0.0659
Mettl11b,-0.5704,29,1.233e-03,0.022
Fam25c,0.5702,30,1.003e-03,0.0341
Rnd1,-0.5702,30,1.003e-03,0.0096
Pim3,0.57,29,1.248e-03,0.0288
Nufip1,0.5698,31,8.206e-04,0.2418
Xkr5,-0.5695,29,1.263e-03,0.0233
Ptx3,-0.5695,29,1.263e-03,0.0115
Bmp2,-0.5695,29,1.263e-03,0.022
Iqsec2,-0.569,29,1.278e-03,0.0114
Gm14124,-0.569,29,1.278e-03,0.0
Soat2,0.5685,29,1.294e-03,0.0769
Mlxipl,-0.568,29,1.309e-03,0.087
Vti1b,-0.5675,29,1.325e-03,0.0192
1110037F02Rik,0.5666,30,1.097e-03,0.3152
Mrps18c,0.5662,30,1.109e-03,0.2198
Gm5885,-0.566,29,1.372e-03,0.0732
Gm6460,0.5653,30,1.133e-03,0.2553
Il1f9,-0.565,29,1.405e-03,0.0114
Lime1,-0.5644,30,1.159e-03,0.0222
Cd40,-0.564,29,1.439e-03,0.0072
Fuca1,-0.564,29,1.439e-03,0.0291
Meaf6,0.5633,31,9.685e-04,0.2292
Rsl24d1,0.5631,30,1.197e-03,0.3069
Esco2,0.5626,30,1.211e-03,0.3409
Hspb3,-0.5626,29,1.490e-03,0.0
Polr1e,0.5621,31,9.987e-04,0.3178
Phb2,0.5616,29,1.525e-03,0.4149
Vmn1r171,0.5613,31,1.019e-03,0.0625
Cebpz,0.5613,30,1.251e-03,0.3297
Slc25a37,0.5611,29,1.543e-03,0.1386
Epc1,0.5611,29,1.543e-03,0.0476
Lpin3,-0.5608,30,1.264e-03,0.0192
Vmn2r38,0.56,30,1.292e-03,0.2128
Arhgef39,-0.5596,29,1.598e-03,0.043
Zfp524,-0.5591,29,1.616e-03,0.0114
Lmod1,-0.5586,29,1.635e-03,0.0575
Olfr1313,-0.5581,29,1.654e-03,0.0253
Ankrd34a,-0.5581,29,1.654e-03,0.0455
Crcp,0.5576,29,1.673e-03,0.3333
Phox2b,-0.5573,30,1.379e-03,0.0225
Zfp85,0.5573,30,1.379e-03,0.0877
Atad3a,0.5571,29,1.692e-03,0.3667
St14,-0.5567,29,1.712e-03,0.0
Ddx55,0.5564,30,1.408e-03,0.3028
Dynlt1f,0.556,30,1.424e-03,0.2292
Ssb,0.556,30,1.424e-03,0.1667
Gak,0.5555,30,1.439e-03,0.1944
Acpt,0.5552,29,1.772e-03,0.0612
Dhx8,0.5552,31,1.186e-03,0.287
Oaf,-0.5552,29,1.772e-03,0.0112
Nek8,0.5552,29,1.772e-03,0.0097
Bysl,0.5551,30,1.454e-03,0.3587
Ctgf,-0.5551,30,1.454e-03,0.03
Lsm5,0.5548,31,1.198e-03,0.3563
Trap1a,-0.5547,29,1.792e-03,0.0115
Gm8693,0.5542,29,1.813e-03,0.2571
Ufsp2,0.5542,30,1.486e-03,0.1471
Rps19,0.5542,30,1.486e-03,0.3368
Selenoo,-0.5537,29,1.833e-03,0.0449
Efhc2,-0.5537,29,1.833e-03,0.0
Apbb1ip,-0.5537,29,1.833e-03,0.0787
Rrp1,0.5536,31,1.234e-03,0.3789
Rpl11,0.5533,30,1.517e-03,0.3
Psmg4,0.5532,31,1.246e-03,0.3523
Espnl,-0.5532,29,1.854e-03,0.0225
Cenpm,0.5528,31,1.259e-03,0.4255
Ppa1,0.5524,30,1.550e-03,0.3495
Cdc34,-0.5524,30,1.550e-03,0.0192
Pcdha1,-0.5523,25,4.200e-03,0.0227
Tcf12,-0.5517,29,1.918e-03,0.055
Colgalt2,-0.5517,29,1.918e-03,0.0
Hspa14,0.5511,30,1.600e-03,0.2347
Mrrf,0.5507,29,1.962e-03,0.1538
Gm10406,0.5506,30,1.617e-03,0.25
Cds2,0.5504,31,1.336e-03,0.3056
Snrpa1,0.5502,30,1.634e-03,0.3404
Gm765,0.5498,29,2.007e-03,0.0506
Nsl1,0.5496,31,1.362e-03,0.2935
Ctsb,-0.5488,30,1.686e-03,0.0396
Prpf38a,0.5484,31,1.403e-03,0.3333
Lrrd1,-0.5473,29,2.122e-03,0.0114
Dars2,0.5471,30,1.758e-03,0.2991
Nav3,-0.5471,30,1.758e-03,0.0568
0610010B08Rik,0.5469,25,4.667e-03,0.119
Dtd1,0.5468,29,2.146e-03,0.0198
Psma6,0.5468,29,2.146e-03,0.3366
Prpf4b,0.5464,31,1.473e-03,0.1495
Wdr73,0.5462,30,1.795e-03,0.3529
Rdh12,-0.5458,29,2.194e-03,0.019
Rps13,0.5452,28,2.700e-03,0.3953
Rabggtb,0.5446,28,2.732e-03,0.303
Zfp687,0.5443,29,2.268e-03,0.0909
Eef1e1,0.5439,30,1.890e-03,0.2188
Thg1l,0.5435,30,1.910e-03,0.299
Chchd6,0.5433,29,2.318e-03,0.0112
Gfral,-0.5433,29,2.318e-03,0.0227
Wdr36,0.5431,31,1.592e-03,0.3333
Ceacam2,0.5429,29,2.344e-03,0.0196
Trmt2b,-0.5424,29,2.370e-03,0.0099
Snu13,0.5423,31,1.623e-03,0.3827
Mrps33,0.5422,30,1.969e-03,0.1935
Olfr1176,0.5422,30,1.969e-03,0.0247
Vmn2r102,0.5417,30,1.990e-03,0.1509
Lbx2,-0.5417,30,1.990e-03,0.0337
Vmn1r126,0.5415,27,3.532e-03,0.2703
Cops5,0.5408,30,2.031e-03,0.2642
Copb2,0.5399,29,2.503e-03,0.3
Rasl2-9,0.5399,31,1.719e-03,0.086
Pax7,-0.5399,29,2.503e-03,0.0
Dgkb,-0.5399,30,2.072e-03,0.02
4932443I19Rik,0.5395,30,2.094e-03,0.0227
Pigr,-0.5394,29,2.530e-03,0.0381
Oxct1,-0.5394,29,2.530e-03,0.0377
Gm12794,-0.5389,29,2.558e-03,0.0125
Crnkl1,0.5386,30,2.137e-03,0.3587
Olfr651,-0.5386,30,2.137e-03,0.037
Prrg4,0.5379,29,2.614e-03,0.0449
Serhl,-0.5379,29,2.614e-03,0.0495
Tmem199,0.5374,29,2.643e-03,0.2609
Fancg,0.5374,29,2.643e-03,0.3016
Tsga10,-0.5374,29,2.643e-03,0.0225
Vmn1r128,0.5373,30,2.202e-03,0.2
Tor4a,-0.5373,30,2.202e-03,0.044
Rps29,0.5371,26,4.666e-03,0.4675
Serf2,0.5365,29,2.700e-03,0.069
Cdk9,0.5365,29,2.700e-03,0.2568
Ptgr2,-0.5365,29,2.700e-03,0.0194
Csnk2b,0.5364,30,2.247e-03,0.3429
Gm14440,0.5364,28,3.256e-03,0.2571
Prlh,-0.5364,30,2.247e-03,0.0217
Tfap2b,-0.536,29,2.729e-03,0.0114
Prdx1,0.5359,28,3.294e-03,0.125
Sec13,0.5359,31,1.889e-03,0.3208
Cwc15,0.5359,31,1.889e-03,0.2637
Actl6a,0.5355,30,2.293e-03,0.2917
Dcpp1,-0.5355,29,2.759e-03,0.0112
Dnaja3,0.535,30,2.316e-03,0.2903
Grpel2,0.535,29,2.789e-03,0.0444
Hspb1,0.535,29,2.789e-03,0.0408
Cops9,-0.535,29,2.789e-03,0.0824
Sec11c,-0.535,29,2.789e-03,0.0225
Rad9a,0.5346,30,2.339e-03,0.3066
Rtp3,-0.5346,30,2.339e-03,0.037
Wnk4,0.5345,29,2.819e-03,0.0291
Syne2,-0.5345,29,2.819e-03,0.0562
Olfr918,-0.5345,29,2.819e-03,0.025
Ngdn,0.5341,30,2.363e-03,0.3118
Otud6a,-0.534,29,2.849e-03,0.0306
Fignl1,0.5339,31,1.980e-03,0.1931
Amy2a4,0.5337,30,2.387e-03,0.0862
Kars,0.5331,31,2.018e-03,0.3241
Mms19,0.5331,31,2.018e-03,0.2576
Ftcd,0.533,29,2.911e-03,0.0098
Mllt1,0.533,29,2.911e-03,0.1376
Ddx27,0.5327,31,2.036e-03,0.2523
Spata17,-0.5325,29,2.942e-03,0.0
Myl3,-0.5325,29,2.942e-03,0.0115
Lect2,-0.532,29,2.973e-03,0.0112
Sp5,-0.532,29,2.973e-03,0.0222
Smarca5,0.5315,31,2.094e-03,0.2897
Inpp5k,0.531,31,2.114e-03,0.2264
Cxxc5,0.531,29,3.037e-03,0.0341
Ttc4,0.531,30,2.533e-03,0.3034
Rpl37a,0.5309,28,3.651e-03,0.4857
Foxh1,-0.5306,30,2.559e-03,0.0549
Srrm3,0.5305,29,3.069e-03,0.0568
Snip1,0.5302,31,2.153e-03,0.3226
Cdk5rap3,0.53,29,3.102e-03,0.1758
Ss18,-0.53,29,3.102e-03,0.1196
Tuba1c,0.53,29,3.102e-03,0.2917
Glt8d2,-0.53,29,3.102e-03,0.0099
Igsf11,0.5297,30,2.610e-03,0.0217
Map4k3,-0.5296,29,3.135e-03,0.075
Gpn1,0.5296,29,3.135e-03,0.3187
Ppia,0.5293,30,2.635e-03,0.1275
Gpr62,-0.5293,30,2.635e-03,0.0198
Zscan12,-0.5291,29,3.168e-03,0.0114
Tbcb,0.529,31,2.214e-03,0.3368
Lad1,0.5288,30,2.662e-03,0.0556
Ncoa4,0.5288,30,2.662e-03,0.0748
Tat,-0.5286,29,3.202e-03,0.0297
Tpo,-0.5286,29,3.202e-03,0.0404
Bcl2l2,-0.5284,30,2.688e-03,0.0
Tomm22,0.5282,31,2.255e-03,0.2885
Sf3a1,0.5281,29,3.235e-03,0.3238
Prpf40b,0.5281,29,3.235e-03,0.0333
Hpse,-0.5281,29,3.235e-03,0.0297
Mfap3,0.5279,30,2.714e-03,0.0225
Nop16,0.5278,31,2.276e-03,0.3579
Gata1,-0.5276,29,3.270e-03,0.0222
Csde1,-0.5276,29,3.270e-03,0.1157
Lepr,0.5271,29,3.304e-03,0.01
Map4k5,-0.5271,29,3.304e-03,0.0488
Gpld1,0.5266,29,3.339e-03,0.0098
Cct5,0.5262,31,2.361e-03,0.3889
Gm3488,0.5261,29,3.374e-03,0.2941
Bmp15,-0.526,28,4.041e-03,0.0349
Bub1,0.5258,31,2.382e-03,0.1698
Ubtf,0.5257,30,2.850e-03,0.4111
Carnmt1,-0.5257,30,2.850e-03,0.1897
Ocstamp,-0.5256,29,3.409e-03,0.0337
Anxa10,-0.5256,29,3.409e-03,0.0297
Asb5,-0.5256,29,3.409e-03,0.0588
Cwc22,0.5254,31,2.404e-03,0.2
Teddm1a,0.5251,29,3.445e-03,0.0345
Hmg20b,-0.5251,29,3.445e-03,0.037
Fam136a,0.5248,30,2.906e-03,0.0889
Lamtor3,0.5246,29,3.481e-03,0.2174
Ggps1,0.5244,30,2.935e-03,0.4
Kcnn4,-0.5244,30,2.935e-03,0.0093
Fam32a,0.5242,31,2.471e-03,0.2967
Exosc10,0.5242,31,2.471e-03,0.2029
Pik3c2a,0.5241,29,3.517e-03,0.07
Ptgfrn,-0.5236,29,3.554e-03,0.0444
Prmt5,0.5234,31,2.516e-03,0.3273
Qsox2,0.5232,29,3.591e-03,0.0194
Vmn1r199,-0.5232,29,3.591e-03,0.012
Rcsd1,-0.5232,29,3.591e-03,0.0225
F8,-0.5232,29,3.591e-03,0.0294
Dhfr,0.5227,29,3.628e-03,0.3429
Coq4,0.5227,29,3.628e-03,0.2366
Gpr39,-0.5222,29,3.666e-03,0.0198
Srpk3,-0.5222,29,3.666e-03,0.0194
Marf1,-0.5222,29,3.666e-03,0.0282
Crisp2,-0.5217,29,3.704e-03,0.0115
Stab1,-0.5217,29,3.704e-03,0.0
Vmn2r44,0.5214,31,2.632e-03,0.2128
Rbbp5,0.5212,29,3.742e-03,0.2381
Gipc1,-0.5212,30,3.140e-03,0.0583
Stk16,-0.5212,30,3.140e-03,0.019
Tcf19,-0.5202,29,3.820e-03,0.0286
Dynlt1c,0.5199,30,3.232e-03,0.1667
Ccdc96,-0.5197,29,3.859e-03,0.0337
Ipo7,0.5195,30,3.263e-03,0.2797
Taf4,0.5195,30,3.263e-03,0.1915
Rps15a,0.5192,29,3.899e-03,0.4286
Adat1,-0.5192,29,3.899e-03,0.02
Oplah,-0.5192,29,3.899e-03,0.0392
Ifi27,-0.5192,29,3.899e-03,0.022
Zbtb8os,0.519,30,3.294e-03,0.3736
H2al1n,0.519,30,3.294e-03,0.0408
Hspa9,0.5187,29,3.939e-03,0.3827
Lipc,-0.5187,29,3.939e-03,0.0577
Rab27a,0.5187,29,3.939e-03,0.0097
Mrpl2,0.5182,29,3.980e-03,0.176
Ireb2,0.5181,30,3.358e-03,0.125
Cct7,0.5181,31,2.828e-03,0.4157
Gm10665,0.5177,29,4.020e-03,0.2195
Krtap24-1,-0.5177,29,4.020e-03,0.0227
Rps27a,0.5177,29,4.020e-03,0.4079
Ly6i,0.5177,29,4.020e-03,0.0116
Mrps11,0.5172,30,3.422e-03,0.2791
Wbp4,0.5172,30,3.422e-03,0.1505
Mrpl16,0.5168,30,3.455e-03,0.236
Rnf20,0.5168,30,3.455e-03,0.3214
Ppp1r8,0.5164,30,3.488e-03,0.3271
Ddx1,0.5164,30,3.488e-03,0.2324
Brf2,0.5164,30,3.488e-03,0.2874
Arhgap5,-0.5164,30,3.488e-03,0.0339
Gm6408,0.5163,29,4.145e-03,0.1111
Ripk4,-0.5163,29,4.145e-03,0.0196
Chpf,-0.5159,30,3.521e-03,0.0097
Ispd,-0.5158,29,4.187e-03,0.0099
Pgs1,0.5157,31,2.983e-03,0.3585
Dync1h1,0.5157,31,2.983e-03,0.3297
Tnfrsf8,-0.5155,30,3.555e-03,0.0
Mrps10,0.5153,29,4.230e-03,0.2697
Madd,-0.515,30,3.588e-03,0.0114
Doc2b,0.5148,29,4.272e-03,0.0505
Hipk2,-0.5148,29,4.272e-03,0.0093
Cul2,0.5146,30,3.622e-03,0.2621
Med31,0.5146,30,3.622e-03,0.2609
Gm8660,0.5145,26,7.159e-03,0.0312
Wdr59,0.5143,29,4.316e-03,0.1078
Cpeb3,-0.5143,29,4.316e-03,0.0114
Rptor,0.5141,30,3.657e-03,0.3226
Naa15,0.5141,30,3.657e-03,0.3051
Lum,0.5138,29,4.359e-03,0.023
Gmpr2,-0.5138,29,4.359e-03,0.0294
Ifit1bl2,-0.5138,29,4.359e-03,0.0714
Lemd3,0.5133,29,4.404e-03,0.0333
Vmn2r61,0.5133,29,4.404e-03,0.0488
Tril,-0.5133,29,4.404e-03,0.0575
Sf1,0.5129,31,3.173e-03,0.3009
Tcp1,0.5129,28,5.259e-03,0.4286
Cct2,0.5129,31,3.173e-03,0.3519
Pde8a,0.5128,29,4.448e-03,0.0099
Slc45a4,-0.5128,29,4.448e-03,0.0989
Hnrnpc,0.5125,31,3.201e-03,0.2717
Lin54,0.5123,29,4.493e-03,0.2529
Mipep,0.5123,30,3.796e-03,0.2404
Strip2,-0.5123,29,4.493e-03,0.0549
Trpc1,-0.5118,29,4.538e-03,0.04
Cpne3,-0.5118,29,4.538e-03,0.0098
Ahsg,-0.5118,29,4.538e-03,0.0109
Btbd35f17,0.5115,25,8.958e-03,0.1818
Ruvbl1,0.5115,30,3.868e-03,0.3662
Prpf38b,0.5113,31,3.286e-03,0.2617
Mrpl22,0.5109,31,3.315e-03,0.3125
Eef1d,0.5108,29,4.630e-03,0.0225
Maml3,-0.5108,29,4.630e-03,0.0
Fndc3c1,-0.5103,29,4.676e-03,0.0455
Qpct,-0.5103,29,4.676e-03,0.0192
Smc1a,0.5101,30,3.978e-03,0.2466
Mmp21,-0.5099,29,4.723e-03,0.0097
Efhc1,-0.5099,29,4.723e-03,0.0114
Pum1,0.5099,29,4.723e-03,0.1023
Rps21,0.5097,30,4.015e-03,0.3444
Olfr804,-0.5097,30,4.015e-03,0.025
Trpm3,-0.5094,29,4.770e-03,0.0099
Car12,-0.5094,29,4.770e-03,0.0
Apobr,-0.5094,29,4.770e-03,0.022
Dnajc9,0.5093,31,3.433e-03,0.3295
Rab23,0.5092,30,4.052e-03,0.0291
Cct4,0.5092,30,4.052e-03,0.4348
Hist1h3d,0.5092,30,4.052e-03,0.2963
Prmt8,-0.5089,29,4.818e-03,0.0094
Gm5901,-0.5089,29,4.818e-03,0.0217
Mall,-0.5089,29,4.818e-03,0.0556
Mthfd1,0.5088,30,4.090e-03,0.3019
P2ry14,-0.5084,29,4.865e-03,0.0588
Mrps15,0.5083,30,4.128e-03,0.3077
Kat5,0.5083,30,4.128e-03,0.1918
Polr3d,0.5081,31,3.523e-03,0.3085
H2afj,0.5081,31,3.523e-03,0.1277
Cd46,-0.5079,29,4.914e-03,0.0198
Haus7,0.5079,30,4.167e-03,0.3511
Fabp7,-0.5079,29,4.914e-03,0.0192
Abcb7,0.5075,30,4.205e-03,0.2857
Ebf2,-0.5074,29,4.963e-03,0.0112
Gm11559,0.507,30,4.244e-03,0.1136
Wdr12,0.507,30,4.244e-03,0.2952
Tdgf1,-0.5069,29,5.012e-03,0.0345
Uba7,-0.5069,29,5.012e-03,0.01
Ncapg,0.5065,31,3.647e-03,0.3085
1700018F24Rik,0.5064,29,5.062e-03,0.1286
Ybx3,-0.5064,29,5.062e-03,0.0
Mgam,-0.5064,29,5.062e-03,0.0
Alg5,0.5061,30,4.323e-03,0.1845
Col26a1,-0.5061,30,4.323e-03,0.0
Atpaf2,0.5061,30,4.323e-03,0.3302
Lmntd1,-0.5061,30,4.323e-03,0.0341
Arhgap10,-0.5059,29,5.112e-03,0.0674
Pbld1,-0.5059,29,5.112e-03,0.0149
Myo5c,-0.5059,29,5.112e-03,0.0225
Pcnx4,-0.5057,30,4.363e-03,0.0562
Pold1,0.5056,31,3.710e-03,0.4326
Eif1ad,0.5052,31,3.742e-03,0.3636
Gnl3,0.5052,31,3.742e-03,0.3118
Vmn1r176,0.5052,30,4.403e-03,0.06
Tpx2,0.5052,30,4.403e-03,0.1429
Adipoq,-0.5052,30,4.403e-03,0.0111
Wnt16,-0.5052,30,4.403e-03,0.0094
Miga2,0.5049,29,5.213e-03,0.0778
Amelx,-0.5049,29,5.213e-03,0.023
Cux2,-0.5049,29,5.213e-03,0.0227
Hist1h2ap,0.5048,31,3.775e-03,0.3585
Arl2,0.5048,30,4.444e-03,0.3178
Pla2g12b,-0.5044,29,5.264e-03,0.0198
Rps25,0.504,31,3.840e-03,0.3908
Hist1h2bl,0.504,31,3.840e-03,0.2885
Rad1,0.504,31,3.840e-03,0.2403
Mrpl14,0.5039,30,4.526e-03,0.2688
Cep19,0.5039,29,5.316e-03,0.0682
Klhl32,0.5039,30,4.526e-03,0.0098
Chrnb3,-0.5039,29,5.316e-03,0.0099
Tsr1,0.5036,31,3.873e-03,0.3152
Wdr74,0.5034,30,4.567e-03,0.3617
Zfp287,0.5034,29,5.368e-03,0.0341
Lypd8,-0.5034,29,5.368e-03,0.0235
Clp1,0.5032,31,3.906e-03,0.3558
Pcyt1a,0.503,29,5.421e-03,0.243
Wdr5,0.5028,31,3.939e-03,0.3462
Mov10,0.5025,29,5.474e-03,0.0189
Sh2b1,0.5025,29,5.474e-03,0.0562
Gm4763,0.5021,30,4.694e-03,0.025
Eef1g,0.5021,30,4.694e-03,0.3626
Fgf1,-0.502,29,5.527e-03,0.03
Tesk1,-0.502,29,5.527e-03,0.0098
Rpl34,0.5016,31,4.041e-03,0.4225
Xab2,0.5015,29,5.581e-03,0.252
Sfi1,0.5012,30,4.780e-03,0.2796
Idh1,-0.5012,30,4.780e-03,0.0273
Kcnip1,0.5005,29,5.690e-03,0.0297
Fads1,-0.5005,29,5.690e-03,0.0192
Sh3rf1,-0.5005,29,5.690e-03,0.01
Spc24,0.5003,30,4.867e-03,0.3626
Nbeal2,-0.5,29,5.746e-03,0.0337
Rpl23a,0.4999,30,4.911e-03,0.4321
Mien1,-0.4999,30,4.911e-03,0.011
Mrps18a,0.4996,31,4.216e-03,0.3226
Usp17ld,0.4995,29,5.801e-03,0.0303
Dlx1,-0.4995,29,5.801e-03,0.0111
Tprkb,0.4994,30,4.955e-03,0.3478
Ptafr,0.4994,30,4.955e-03,0.0392
Slc36a2,0.4985,29,5.914e-03,0.02
Wnt9a,-0.4985,29,5.914e-03,0.0341
Necab3,-0.4985,29,5.914e-03,0.0682
Tbk1,-0.4985,29,5.914e-03,0.2243
Cyp3a41b,0.4981,30,5.091e-03,0.0794
Mup18,0.4981,26,9.605e-03,0.1622
Tyw5,0.498,29,5.971e-03,0.0194
Tex45,-0.498,29,5.971e-03,0.0222
Cdip1,-0.498,29,5.971e-03,0.0227
Cacna2d3,-0.498,29,5.971e-03,0.0106
Ppie,0.4976,31,4.397e-03,0.271
Adtrp,-0.4975,29,6.029e-03,0.0449
Ly6a,0.4975,29,6.029e-03,0.0294
Them5,-0.4972,30,5.183e-03,0.0222
Gm5591,0.4972,30,5.183e-03,0.0769
Slc4a9,0.4966,29,6.146e-03,0.0202
Per3,0.4966,29,6.146e-03,0.0112
Cpa4,-0.4966,29,6.146e-03,0.0098
Usp30,0.4966,29,6.146e-03,0.099
Map3k7cl,-0.4966,29,6.146e-03,0.023
Naca,0.4964,31,4.509e-03,0.3441
Ttc37,0.4963,30,5.277e-03,0.1333
Eif3f,0.496,31,4.547e-03,0.3364
Rpl15,0.4957,27,8.551e-03,0.2656
Emg1,0.4956,31,4.585e-03,0.3394
Apoc1,-0.4956,29,6.264e-03,0.0215
Psmb2,0.4956,31,4.585e-03,0.3077
Adam26a,-0.4956,29,6.264e-03,0.0116
Cela3a,0.4951,29,6.324e-03,0.011
Olfr1442,-0.4951,29,6.324e-03,0.0125
Man1c1,-0.4951,29,6.324e-03,0.04
Xxylt1,-0.4951,29,6.324e-03,0.0111
Clk3,-0.495,30,5.420e-03,0.0727
Hist1h2ad,0.4948,31,4.662e-03,0.2885
Olfr175-ps1,0.4946,29,6.385e-03,0.0328
Lce1f,0.4946,29,6.385e-03,0.0741
BC017643,0.4946,29,6.385e-03,0.046
Defb50,-0.4945,30,5.468e-03,0.0115
Tamm41,0.4944,31,4.701e-03,0.3956
Usp39,0.4944,31,4.701e-03,0.3148
Itgal,-0.4941,29,6.446e-03,0.0194
Mkrn1,-0.4941,29,6.446e-03,0.0084
Rpl38,0.4941,30,5.517e-03,0.4118
Lcmt2,-0.4941,29,6.446e-03,0.0099
Mybbp1a,0.494,31,4.740e-03,0.3303
Taf1c,0.4937,30,5.566e-03,0.3298
G3bp1,0.4937,30,5.566e-03,0.0841
Tor3a,-0.4937,30,5.566e-03,0.01
Scgb1b29,0.4937,30,5.566e-03,0.16
Boc,-0.4937,30,5.566e-03,0.0097
H2al1k,-0.4932,28,7.663e-03,0.0
Tmem164,-0.4931,29,6.569e-03,0.0455
Def6,-0.4928,30,5.665e-03,0.022
Vmn1r168,0.4928,30,5.665e-03,0.0196
Arl13a,0.4926,29,6.631e-03,0.0115
Mrps6,0.4923,30,5.716e-03,0.2667
Lrch4,-0.4923,30,5.716e-03,0.0114
Ints6l,-0.4921,29,6.694e-03,0.011
Olfr1318,-0.4919,30,5.766e-03,0.0339
Etl4,-0.4916,29,6.758e-03,0.0449
Rplp0,0.4914,30,5.817e-03,0.4595
Ccnh,0.4914,30,5.817e-03,0.3191
Ctsh,-0.4914,30,5.817e-03,0.0098
Nudcd3,0.4914,30,5.817e-03,0.3297
Imp4,0.4911,31,5.023e-03,0.3118
Srgap1,-0.4911,29,6.822e-03,0.069
Socs1,-0.4911,29,6.822e-03,0.2243
Rpl18a,0.4911,29,6.822e-03,0.3596
Cyp2c44,-0.491,30,5.869e-03,0.0337
Myo1d,-0.491,30,5.869e-03,0.0392
Pfn1,0.4907,31,5.064e-03,0.3832
Pkm,0.4907,31,5.064e-03,0.3404
Rpl12,0.4907,31,5.064e-03,0.3407
Kank4,-0.4906,29,6.886e-03,0.023
Tmsb4x,-0.4906,29,6.886e-03,0.0244
Orc6,0.4906,29,6.886e-03,0.3548
Frs2,-0.4906,29,6.886e-03,0.0562
Sub1,0.4901,30,5.973e-03,0.2198
Acot7,-0.4901,30,5.973e-03,0.0286
Slc17a8,-0.4901,29,6.951e-03,0.0196
Dnajc19,-0.4901,29,6.951e-03,0.033
Scn2b,-0.4897,29,7.017e-03,0.0202
Klra6,-0.4897,29,7.017e-03,0.0152
Olfr1449,-0.4897,29,7.017e-03,0.0
Tead1,-0.4897,29,7.017e-03,0.0778
Plk1,0.4893,28,8.225e-03,0.3585
Eftud2,0.4892,29,7.083e-03,0.3365
Fasn,0.4892,30,6.078e-03,0.2571
Jph4,-0.4892,29,7.083e-03,0.0227
Mmachc,0.4887,29,7.149e-03,0.2255
Fgd5,-0.4887,29,7.149e-03,0.0
Olfr430,-0.4882,29,7.216e-03,0.037
Chsy1,0.4882,29,7.216e-03,0.0098
Mettl6,-0.4882,29,7.216e-03,0.0583
Hist2h2aa1,0.4879,30,6.239e-03,0.1765
Zfp943,-0.4877,29,7.284e-03,0.0222
Tenm3,-0.4877,29,7.284e-03,0.0233
Coq8a,-0.4877,29,7.284e-03,0.0286
Rab4a,-0.4877,29,7.284e-03,0.0291
Pelp1,0.4874,30,6.294e-03,0.3511
Kdm5b,-0.4873,29,7.344e-03,0.0463
Fuom,-0.4872,29,7.352e-03,0.0
Gm3646,0.4872,29,7.352e-03,0.013
Exosc9,0.4871,31,5.451e-03,0.2816
Hist1h4i,0.487,30,6.349e-03,0.16
Mrpl24,0.4867,31,5.496e-03,0.2447
Asb3,-0.4862,29,7.490e-03,0.04
Elk4,-0.4862,29,7.490e-03,0.0316
Dydc2,-0.4862,29,7.490e-03,0.0706
Sppl2b,-0.4862,29,7.490e-03,0.0225
Dzank1,0.4862,29,7.490e-03,0.0
Adamtsl5,-0.4862,29,7.490e-03,0.0337
Zdhhc21,-0.4862,29,7.490e-03,0.049
Atad5,0.4861,30,6.460e-03,0.0703
Psmc2,0.4861,30,6.460e-03,0.337
Sec61a1,0.4857,30,6.516e-03,0.3407
Dnah8,-0.4857,29,7.560e-03,0.0392
Pnkp,0.4852,29,7.630e-03,0.2908
Gstm3,0.4852,30,6.573e-03,0.0345
Cdk7,0.4843,30,6.687e-03,0.2174
Fam50a,0.4843,31,5.770e-03,0.3368
Irak3,-0.4842,29,7.772e-03,0.0392
Fam118a,-0.4842,29,7.772e-03,0.0114
Ctxn3,-0.4842,29,7.772e-03,0.0353
Psmb11,-0.4842,29,7.772e-03,0.0396
Sem1,0.4839,30,6.745e-03,0.2308
Rpp38,0.4839,30,6.745e-03,0.3366
Fam189b,0.4837,29,7.844e-03,0.0444
Cavin4,-0.4837,29,7.844e-03,0.0112
Gucy2g,-0.4837,29,7.844e-03,0.0115
Hist1h2an,0.4835,31,5.863e-03,0.2714
Prrx1,-0.4835,31,5.863e-03,0.0659
Fndc3a,-0.4834,30,6.803e-03,0.0333
Htr7,0.4833,29,7.917e-03,0.03
Ap2m1,0.483,30,6.862e-03,0.2407
Snrpd2,0.483,30,6.862e-03,0.3778
Rbm42,0.4828,29,7.990e-03,0.1798
Kcnmb3,-0.4828,29,7.990e-03,0.0097
Cd47,-0.4828,29,7.990e-03,0.0761
Cd3eap,0.4827,31,5.958e-03,0.3511
Rhoa,0.4827,31,5.958e-03,0.2255
Mrpl19,0.4825,30,6.921e-03,0.1774
Ggt5,0.4823,29,8.064e-03,0.0294
Ppwd1,0.4821,30,6.981e-03,0.3107
Eif2s3x,0.4819,31,6.055e-03,0.3143
Fgr,-0.4818,29,8.138e-03,0.0288
Lrba,-0.4818,29,8.138e-03,0.0562
Insig2,-0.4813,29,8.213e-03,0.0217
Psg27,0.4813,29,8.213e-03,0.0455
Ercc2,0.4812,30,7.101e-03,0.2552
Mark3,0.4808,29,8.288e-03,0.0476
Tfb1m,0.4808,29,8.288e-03,0.266
Tcf21,-0.4808,29,8.288e-03,0.0
Arhgap17,-0.4808,29,8.288e-03,0.0111
Cgrrf1,-0.4803,29,8.364e-03,0.0099
Gad1,-0.4803,29,8.364e-03,0.0194
Cracr2a,-0.4803,29,8.364e-03,0.023
Btaf1,0.4802,31,6.252e-03,0.266
Psmb6,0.4799,30,7.285e-03,0.3529
Olfr1383,0.4798,29,8.441e-03,0.0256
Supt16,0.4798,31,6.302e-03,0.2246
Ptx4,-0.4798,29,8.441e-03,0.0345
Med15,0.4798,29,8.441e-03,0.1413
Tmem11,0.4798,29,8.441e-03,0.09
Cstf2t,-0.4798,29,8.441e-03,0.0455
Tardbp,0.4794,31,6.352e-03,0.383
Olfr1393,0.4793,29,8.518e-03,0.0638
Olfr1061,-0.4793,29,8.518e-03,0.0247
Yrdc,0.479,30,7.410e-03,0.3516
Epm2aip1,0.4788,29,8.596e-03,0.0337
Hist1h2ai,0.4786,31,6.454e-03,0.2029
Snapc4,0.4786,31,6.454e-03,0.3402
Pomp,0.4786,31,6.454e-03,0.2935
Triap1,0.4785,30,7.473e-03,0.3846
Syt5,0.4783,29,8.674e-03,0.0294
Ms4a4b,0.4783,29,8.674e-03,0.0581
Cyp27b1,-0.4783,29,8.674e-03,0.0096
Tprn,-0.4783,29,8.674e-03,0.0222
4930402F06Rik,-0.4783,29,8.674e-03,0.0345
Rbbp4,0.4782,31,6.505e-03,0.3571
Ccnf,0.4781,30,7.537e-03,0.3269
Tubb5,0.4781,30,7.537e-03,0.3762
Zfp36l3,-0.4781,30,7.537e-03,0.0225
Grpel1,0.4778,29,8.753e-03,0.3587
Polr3b,0.4778,31,6.557e-03,0.2991
Ttc3,-0.4778,29,8.753e-03,0.0
Unc13c,-0.4778,29,8.753e-03,0.0385
Plac8l1,-0.4778,29,8.753e-03,0.0111
Mapre1,0.4778,29,8.753e-03,0.1379
Olfr1178,-0.4776,30,7.601e-03,0.0247
Rab3ip,-0.4776,30,7.601e-03,0.044
Cmtm2b,0.4773,29,8.832e-03,0.0455
H2-T3,0.4773,29,8.832e-03,0.0581
Fbxo31,-0.4773,29,8.832e-03,0.0449
Slc30a8,-0.4773,29,8.832e-03,0.02
Dmbx1,-0.4773,29,8.832e-03,0.0111
Gpn2,0.4772,30,7.665e-03,0.3478
Timm9,0.4772,30,7.665e-03,0.13
Serpinb13,-0.4768,29,8.913e-03,0.0294
Hspe1,0.4768,29,8.913e-03,0.3239
Exosc7,0.4768,29,8.913e-03,0.3267
Cox7b2,-0.4768,29,8.913e-03,0.0238
Tmbim4,-0.4768,29,8.913e-03,0.0111
Higd1a,0.4764,29,8.993e-03,0.0112
Kcnj11,-0.4764,29,8.993e-03,0.029
Cmpk2,-0.4764,29,8.993e-03,0.0
Pros1,-0.4764,29,8.993e-03,0.0
Vmn1r63,0.4764,29,8.993e-03,0.0667
Tyro3,-0.4764,29,8.993e-03,0.0196
Tex10,0.4759,30,7.861e-03,0.3077
Trp63,-0.4759,29,9.075e-03,0.0225
P3h3,-0.4759,29,9.075e-03,0.0169
Kdm3b,0.4759,29,9.075e-03,0.1057
Spic,-0.4759,29,9.075e-03,0.023
Pla1a,-0.4759,29,9.075e-03,0.02
Chek1,0.4758,31,6.821e-03,0.2517
Gnl2,0.4754,30,7.928e-03,0.3056
Kat7,0.4754,29,9.157e-03,0.1215
Nrf1,0.4754,31,6.875e-03,0.3548
Atn1,-0.4754,30,7.928e-03,0.0326
Irs4,-0.4754,29,9.157e-03,0.0115
Hnrnpf,0.475,31,6.929e-03,0.2308
H3f3a,0.475,31,6.929e-03,0.129
Il27ra,-0.475,30,7.995e-03,0.0292
Gna11,0.4749,29,9.239e-03,0.0476
Rassf3,-0.4749,29,9.239e-03,0.0115
Tmem161a,-0.4749,29,9.239e-03,0.0476
Rdh7,-0.4749,29,9.239e-03,0.0112
Olfr998,-0.4749,29,9.239e-03,0.05
Olfr77,-0.4749,29,9.239e-03,0.0375
Vmp1,0.4746,31,6.984e-03,0.3298
Ceacam12,-0.4745,30,8.062e-03,0.0112
Fam160a2,-0.4744,29,9.323e-03,0.0
Dact1,-0.4744,29,9.323e-03,0.046
Eif3i,0.4744,29,9.323e-03,0.32
Nup98,0.4742,31,7.039e-03,0.1644
Anxa5,-0.4739,29,9.407e-03,0.0297
Foxb2,-0.4739,29,9.407e-03,0.0227
Grm1,-0.4739,29,9.407e-03,0.0303
Mup9,0.4737,27,1.255e-02,0.2
Polg2,0.4736,30,8.198e-03,0.2786
Pinx1,0.4736,30,8.198e-03,0.2128
Med10,0.4735,30,8.224e-03,0.3034
Rab17,-0.4734,29,9.491e-03,0.01
Prame,-0.4734,29,9.491e-03,0.0
Pramel3,0.4732,30,8.267e-03,0.0556
Gm996,-0.4732,30,8.267e-03,0.0122
Gdf10,-0.4729,29,9.576e-03,0.023
Cxx1a,-0.4729,28,1.104e-02,0.0217
Slc23a3,-0.4729,29,9.576e-03,0.01
Dnajc3,-0.4729,29,9.576e-03,0.0337
Tuba3a,0.4729,29,9.576e-03,0.0098
Sbf1,-0.4727,30,8.336e-03,0.1165
Nsa2,0.4726,31,7.262e-03,0.4225
Otud4,-0.4724,29,9.662e-03,0.0588
Olfr978,-0.4723,30,8.406e-03,0.025
Hist2h3c2,0.4722,31,7.319e-03,0.3448
Sf3b5,0.4722,31,7.319e-03,0.3258
Proz,-0.4719,29,9.749e-03,0.0196
Sema3d,0.4719,30,8.476e-03,0.0337
Cd2bp2,0.4719,29,9.749e-03,0.2174
Dbr1,0.4714,31,7.434e-03,0.4239
Dyrk1b,-0.4714,30,8.547e-03,0.0374
Rps10,0.4714,31,7.434e-03,0.3297
Acp6,-0.4709,29,9.923e-03,0.0189
Gm3417,0.4709,29,9.923e-03,0.0682
Riiad1,0.4709,29,9.923e-03,0.0568
Isg20l2,0.4705,30,8.690e-03,0.26
Aatk,0.4704,29,1.001e-02,0.0294
Lrrc74b,-0.4704,29,1.001e-02,0.023
Wdr43,0.4702,31,7.609e-03,0.3778
Ccnl2,0.4701,30,8.762e-03,0.0421
Polr2g,0.4701,30,8.762e-03,0.3208
Espn,0.4701,30,8.762e-03,0.0549
Gm12169,-0.47,29,1.010e-02,0.0
Plb1,-0.47,29,1.010e-02,0.0097
Cyp2j12,-0.47,29,1.010e-02,0.0333
Krtap9-1,0.4696,30,8.835e-03,0.0606
Mga,0.4696,30,8.835e-03,0.1171
Snx12,-0.4696,30,8.835e-03,0.0192
Khk,0.4695,29,1.019e-02,0.0392
Olfr1320,-0.4695,29,1.019e-02,0.0125
Olfr1102,-0.4695,29,1.019e-02,0.025
Hormad1,-0.4695,29,1.019e-02,0.0
Rps27,0.4694,31,7.728e-03,0.493
Krtap1-5,-0.469,29,1.028e-02,0.0455
Tnnc2,-0.469,29,1.028e-02,0.0303
Frmd6,-0.469,29,1.028e-02,0.0
Akap10,0.4685,29,1.037e-02,0.046
Olfr1288,-0.4685,29,1.037e-02,0.0506
Prnp,-0.4685,29,1.037e-02,0.01
Cybb,-0.4685,29,1.037e-02,0.0099
Pold2,0.4685,31,7.848e-03,0.3364
Fam83g,0.4685,29,1.037e-02,0.0227
Gnpda2,-0.4685,29,1.037e-02,0.0099
Gprc5b,-0.4683,30,9.056e-03,0.0392
Chic1,-0.4683,30,9.056e-03,0.0337
Zfp991,0.4683,30,9.056e-03,0.2683
Gtf2h2,0.4683,30,9.056e-03,0.2283
Fech,0.4683,30,9.056e-03,0.2264
Scgb2b12,0.4683,30,9.056e-03,0.14
Pidd1,0.468,29,1.046e-02,0.0435
Nr1h3,-0.468,29,1.046e-02,0.0192
Grwd1,0.4679,30,9.130e-03,0.3426
Rpl28,0.4677,31,7.969e-03,0.3804
Insl3,-0.4675,29,1.056e-02,0.0291
Sfrp4,-0.4675,29,1.056e-02,0.0196
Pycr2,-0.4675,29,1.056e-02,0.0
Vmn2r24,-0.4674,30,9.206e-03,0.0119
Impdh2,0.4673,31,8.031e-03,0.3048
Olfml3,0.467,29,1.065e-02,0.0233
Olfr1297,0.467,29,1.065e-02,0.0127
Fgf14,-0.467,29,1.065e-02,0.0114
Plk2,-0.467,29,1.065e-02,0.0286
Slamf1,-0.467,29,1.065e-02,0.0297
Gins1,0.4665,29,1.074e-02,0.2979
Nox1,-0.4665,29,1.074e-02,0.019
H2-M10.6,-0.4665,29,1.074e-02,0.0465
Gtf3c4,0.4665,30,9.358e-03,0.25
Rps11,0.4663,28,1.237e-02,0.4568
St3gal2,-0.4661,30,9.435e-03,0.0097
Lmf1,-0.466,29,1.084e-02,0.0225
Rarg,-0.466,29,1.084e-02,0.0377
Fez1,-0.4657,31,8.281e-03,0.0562
Actr10,0.4657,31,8.281e-03,0.3118
Tcf24,-0.4656,30,9.512e-03,0.0588
Btbd6,-0.4655,29,1.093e-02,0.0303
Ptchd4,-0.4655,29,1.093e-02,0.0805
Rpl31,0.4653,31,8.344e-03,0.4096
Slc46a1,0.4652,30,9.590e-03,0.0381
Med17,0.4652,30,9.590e-03,0.3085
Sap30l,0.465,29,1.103e-02,0.0333
Fbxo39,-0.465,29,1.103e-02,0.0198
Wdr24,0.465,29,1.103e-02,0.2247
Cdkn2a,-0.465,29,1.103e-02,0.1143
Lrrc38,-0.465,29,1.103e-02,0.0115
Zfp110,-0.4645,29,1.113e-02,0.0222
Timm17b,-0.4645,29,1.113e-02,0.05
Ncf4,-0.4645,29,1.113e-02,0.0396
Vmn2r88,-0.4645,29,1.113e-02,0.0408
D830030K20Rik,0.4643,30,9.748e-03,0.2449
Srfbp1,0.4641,31,8.538e-03,0.2747
Cep85,0.464,29,1.122e-02,0.0909
Bbs1,0.464,29,1.122e-02,0.0227
Mum1l1,-0.464,29,1.122e-02,0.0225
Trim42,-0.464,29,1.122e-02,0.0101
Rbm12b2,-0.464,29,1.122e-02,0.0349
Vps13d,0.4638,30,9.827e-03,0.2571
Rad51d,0.4638,30,9.827e-03,0.227
Olfr1220,-0.4638,30,9.827e-03,0.0375
Acr,-0.4637,31,8.603e-03,0.0294
Cers5,-0.4635,29,1.132e-02,0.087
Defa36,0.4635,29,1.132e-02,0.1282
Cnot7,-0.4635,29,1.132e-02,0.0562
Nup62,0.4633,31,8.668e-03,0.2212
Fam58b,0.4633,31,8.668e-03,0.3063
Vmn2r42,0.4632,26,1.716e-02,0.125
Cwc25,0.4631,29,1.142e-02,0.1494
Nit2,-0.4631,29,1.142e-02,0.0099
1810055G02Rik,0.4631,29,1.142e-02,0.0225
Olfr355,0.4631,29,1.142e-02,0.0123
Tiprl,0.4631,28,1.309e-02,0.3118
Kcnu1,-0.4631,29,1.142e-02,0.0196
Ccni,-0.4631,29,1.142e-02,0.0562
Rps14,0.463,30,9.988e-03,0.3678
Mfap5,-0.463,30,9.988e-03,0.0769
Txn1,0.4629,31,8.734e-03,0.3113
Ankrd34b,0.4626,29,1.152e-02,0.0114
Tfr2,-0.4626,29,1.152e-02,0.0194
Olfr1044,-0.4626,29,1.152e-02,0.0125
Ciao1,0.4625,31,8.801e-03,0.3333
Sash3,-0.4625,30,1.007e-02,0.0333
Pcdha7,-0.4623,25,1.998e-02,0.0267
Wrap53,0.4621,30,1.015e-02,0.3011
Soga3,-0.4621,29,1.162e-02,0.0349
Fhl2,-0.4621,29,1.162e-02,0.0222
Mrpl52,0.4619,31,8.893e-03,0.2766
Nup155,0.4617,31,8.935e-03,0.2336
Hist1h3b,0.4617,31,8.935e-03,0.2453
Ddx18,0.4617,31,8.935e-03,0.3019
Tefm,0.4616,30,1.023e-02,0.3146
Dtymk,0.4616,30,1.023e-02,0.3619
Dcaf13,0.4616,29,1.172e-02,0.2547
Col4a4,-0.4616,29,1.172e-02,0.0297
Pabpn1l,-0.4616,29,1.172e-02,0.0341
Prcc,0.4616,29,1.172e-02,0.0769
Als2cl,-0.4616,29,1.172e-02,0.0449
Mrps17,0.4611,29,1.182e-02,0.2021
Klhl11,-0.4611,29,1.182e-02,0.0098
Psma2,0.4609,31,9.071e-03,0.3431
Add2,-0.4607,30,1.040e-02,0.0455
Ncbp3,0.4606,29,1.192e-02,0.1228
Rln1,-0.4606,29,1.192e-02,0.0345
Ascl1,-0.4606,29,1.192e-02,0.0337
Sars2,0.4603,30,1.048e-02,0.3208
Cdc5l,0.4603,30,1.048e-02,0.2171
Anks1,-0.4603,30,1.048e-02,0.0111
1700011L22Rik,0.4601,29,1.203e-02,0.0455
Prim1,0.4601,31,9.208e-03,0.2762
Igfbp5,-0.4601,29,1.203e-02,0.0341
Npy5r,-0.4601,29,1.203e-02,0.0303
Scap,0.4598,30,1.057e-02,0.3511
Arrdc3,-0.4598,30,1.057e-02,0.0778
Cap1,0.4597,31,9.278e-03,0.2553
Olfr1026,0.4596,29,1.213e-02,0.0375
Rab8a,-0.4596,29,1.213e-02,0.0562
Ano10,-0.4596,29,1.213e-02,0.0
Ddr2,-0.4596,29,1.213e-02,0.0194
Olfr867,-0.4596,29,1.213e-02,0.0123
Hist1h2bn,0.4594,30,1.065e-02,0.3455
Psmc1,0.4594,30,1.065e-02,0.3656
3632451O06Rik,-0.4594,30,1.065e-02,0.0114
Mrpl51,0.4593,31,9.348e-03,0.3368
Mrps18b,0.459,30,1.074e-02,0.2418
Slc25a53,-0.4586,29,1.234e-02,0.0222
Tmem8b,-0.4586,29,1.234e-02,0.0
Bsg,0.4586,29,1.234e-02,0.1111
Arvcf,-0.4586,29,1.234e-02,0.0222
Crip1,-0.4586,29,1.234e-02,0.023
Prrc2b,-0.4586,29,1.234e-02,0.0575
Cd81,-0.4586,29,1.234e-02,0.011
Uqcrq,0.4585,31,9.489e-03,0.287
Lars,0.4585,30,1.083e-02,0.2482
Lrrc28,-0.4581,29,1.245e-02,0.0114
Tectb,-0.4581,29,1.245e-02,0.0341
Alg14,0.4581,31,9.560e-03,0.25
AW551984,0.4581,30,1.091e-02,0.0111
Ccdc153,-0.4581,29,1.245e-02,0.0227
Ccdc115,0.4581,30,1.091e-02,0.3596
Magoh,0.4581,31,9.560e-03,0.3448
Cyld,-0.4581,29,1.245e-02,0.0488
Psmc5,0.4581,29,1.245e-02,0.3107
Slc25a26,0.4576,30,1.100e-02,0.2952
Cgn,-0.4576,29,1.255e-02,0.0455
Speer4f1,-0.4576,30,1.100e-02,0.0556
Lekr1,-0.4576,29,1.255e-02,0.0112
1700001O22Rik,-0.4576,29,1.255e-02,0.023
Dspp,0.4576,29,1.255e-02,0.0333
BC061237,0.4573,31,9.704e-03,0.3148
Lrriq3,-0.4571,29,1.266e-02,0.0227
Drap1,0.4567,30,1.118e-02,0.3474
Nxf3,-0.4567,29,1.277e-02,0.0101
Dpys,-0.4567,29,1.277e-02,0.0198
Smyd3,-0.4567,29,1.277e-02,0.019
Stk38,-0.4558,30,1.136e-02,0.0935
Sh3bp5l,0.4557,29,1.299e-02,0.0682
Ankrd9,0.4557,29,1.299e-02,0.0114
Nyap1,-0.4557,29,1.299e-02,0.0227
Pcdh15,-0.4557,29,1.299e-02,0.046
Hdac1,0.4556,31,9.997e-03,0.1574
Psmd3,0.4554,30,1.145e-02,0.3444
Gm4305,0.4554,27,1.698e-02,0.1562
Inmt,-0.4554,30,1.145e-02,0.0097
Rps4x,0.4554,27,1.698e-02,0.4648
Exo5,-0.4552,29,1.310e-02,0.0
Ube2e2,0.4552,29,1.310e-02,0.0194
Phkg2,-0.4552,29,1.310e-02,0.0194
Spaca6,-0.4549,30,1.154e-02,0.0222
Etfdh,0.4547,29,1.321e-02,0.068
Ankrd34c,0.4547,29,1.321e-02,0.023
Fam71d,-0.4547,29,1.321e-02,0.0235
Psmd2,0.4544,31,1.022e-02,0.2762
Atp2b1,0.4542,27,1.731e-02,0.2692
Olfr6,0.4542,29,1.332e-02,0.0494
Dio3,-0.4542,29,1.332e-02,0.0297
Crxos,0.4541,30,1.172e-02,0.0899
Rbms2,0.4537,29,1.344e-02,0.0337
Trpc6,-0.4537,29,1.344e-02,0.0404
Lrrc40,-0.4537,29,1.344e-02,0.0225
Rpl13,0.4537,28,1.530e-02,0.3793
Zranb2,0.4536,30,1.181e-02,0.1304
Rpl32,0.4536,31,1.037e-02,0.4521
Naa20,0.4536,31,1.037e-02,0.3761
Ybx1,0.4532,30,1.191e-02,0.2105
Kti12,0.4532,30,1.191e-02,0.2826
Zscan4d,0.4532,29,1.355e-02,0.0769
Ins2,-0.4532,30,1.191e-02,0.0297
Ascc3,0.4532,30,1.191e-02,0.1151
Slc44a2,-0.4532,29,1.355e-02,0.0
Mre11a,0.4527,29,1.367e-02,0.2574
Olfr459,-0.4527,29,1.367e-02,0.0122
Mgst3,-0.4527,29,1.367e-02,0.0
Ascc1,-0.4527,30,1.200e-02,0.0652
Gusb,-0.4527,29,1.367e-02,0.0244
Rpl8,0.4527,29,1.367e-02,0.3846
Gpr33,-0.4527,29,1.367e-02,0.023
Tufm,0.4523,30,1.210e-02,0.3107
Fcna,0.4523,30,1.210e-02,0.0227
Ccdc137,0.4523,30,1.210e-02,0.2527
Nop14,0.4523,30,1.210e-02,0.2857
Casp8ap2,0.4518,30,1.219e-02,0.2247
Creb3l2,-0.4518,30,1.219e-02,0.0532
Atp13a5,0.4517,29,1.390e-02,0.0303
Coq2,0.4517,29,1.390e-02,0.233
Rbm22,0.4516,31,1.076e-02,0.3579
Dnal4,0.4514,30,1.229e-02,0.0303
Ccdc86,0.4514,30,1.229e-02,0.3011
Eif1b,-0.4512,29,1.401e-02,0.0112
Abraxas2,-0.4512,29,1.401e-02,0.0581
Pggt1b,0.4509,30,1.238e-02,0.375
Olfr1246,0.4507,29,1.413e-02,0.0375
Amtn,0.4507,29,1.413e-02,0.0333
Rpl7,0.4507,29,1.413e-02,0.381
Hist1h2ao,0.4505,30,1.248e-02,0.2941
Fam43a,-0.4502,29,1.425e-02,0.0112
4430402I18Rik,-0.4502,29,1.425e-02,0.0112
Egfl8,-0.4502,29,1.425e-02,0.0112
Cnpy1,-0.4502,29,1.425e-02,0.0556
1700030J22Rik,-0.4502,29,1.425e-02,0.0349
Scarf2,-0.4502,29,1.425e-02,0.0099
Fgfrl1,-0.4501,30,1.258e-02,0.0098
Ube2e1,0.4498,29,1.437e-02,0.0476
H6pd,-0.4498,29,1.437e-02,0.0099
Eif2b3,0.4496,30,1.268e-02,0.3222
Paf1,0.4496,31,1.116e-02,0.3229
Hrg,-0.4496,30,1.268e-02,0.0109
Zfp92,-0.4493,29,1.449e-02,0.0337
Ubqln2,0.4493,29,1.449e-02,0.0196
Rag1,-0.4493,29,1.449e-02,0.0
Dqx1,-0.4493,29,1.449e-02,0.0194
Pnma3,-0.4493,29,1.449e-02,0.0
Rpl4,0.4492,30,1.278e-02,0.3878
Thbs4,-0.4488,29,1.461e-02,0.0889
Fbxo4,-0.4488,29,1.461e-02,0.0
Elmo2,0.4488,29,1.461e-02,0.1
Rgs11,-0.4488,29,1.461e-02,0.01
Nelfb,0.4487,30,1.288e-02,0.4176
Btbd35f5,-0.4485,25,2.455e-02,0.0323
Lsg1,0.4484,31,1.141e-02,0.3333
Mfsd12,-0.4483,29,1.473e-02,0.044
Riok1,0.4483,29,1.473e-02,0.2991
Olfr136,-0.4483,29,1.473e-02,0.0
Cemip,-0.4478,29,1.486e-02,0.0114
Olfr556,-0.4478,29,1.486e-02,0.037
Erbb3,0.4473,29,1.498e-02,0.0291
Fbxo42,0.4473,29,1.498e-02,0.098
4933417A18Rik,-0.4473,29,1.498e-02,0.0
G3bp2,-0.4473,29,1.498e-02,0.0297
Stc1,-0.4473,29,1.498e-02,0.0196
Panx2,-0.4473,29,1.498e-02,0.0196
Xrcc2,0.4472,31,1.166e-02,0.2429
Gm5615,-0.4468,29,1.511e-02,0.0125
Snrnp200,0.4468,29,1.511e-02,0.3137
Adam7,-0.4468,29,1.511e-02,0.01
Olfr53,0.4463,29,1.523e-02,0.0247
Gpr83,-0.4463,29,1.523e-02,0.0
Kiss1,-0.4463,29,1.523e-02,0.0337
E2f6,-0.4463,29,1.523e-02,0.0549
Calcr,-0.4463,29,1.523e-02,0.01
Rpl21,0.4461,30,1.349e-02,0.3019
Arid4a,-0.446,31,1.192e-02,0.1468
Cxcl1,-0.4458,29,1.536e-02,0.0196
Mdk,-0.4458,29,1.536e-02,0.0111
Gm595,-0.4458,29,1.536e-02,0.037
Trip13,0.4456,30,1.359e-02,0.1077
Rfc2,0.4456,30,1.359e-02,0.3333
Snrpg,0.4455,28,1.750e-02,0.4157
Gm20604,0.4453,29,1.548e-02,0.1224
Nkx1-2,-0.4453,29,1.548e-02,0.0337
Cdh12,-0.4453,29,1.548e-02,0.0115
Timeless,0.4452,31,1.209e-02,0.3229
Sec22b,0.4452,30,1.370e-02,0.3297
Hspd1,0.4452,31,1.209e-02,0.3165
Zcrb1,0.4452,30,1.370e-02,0.0659
Mdga1,-0.4452,30,1.370e-02,0.033
Dnajc11,0.4452,31,1.209e-02,0.2364
Oxa1l,0.4448,31,1.218e-02,0.2477
Pcolce2,0.4448,29,1.561e-02,0.0449
Card6,0.4448,29,1.561e-02,0.0455
Olfm1,-0.4448,29,1.561e-02,0.0
Psap,-0.4448,29,1.561e-02,0.0194
Rheb,0.4447,30,1.380e-02,0.1635
Tcaf1,-0.4446,29,1.566e-02,0.0225
Bmp6,-0.4443,30,1.391e-02,0.0341
Pdpk1,0.4443,30,1.391e-02,0.1308
1700074P13Rik,-0.4443,29,1.574e-02,0.0227
Pars2,0.4443,30,1.391e-02,0.3303
Mtrf1,-0.4443,29,1.574e-02,0.0112
Uxt,0.4443,30,1.391e-02,0.3333
Rpl14,0.4443,29,1.574e-02,0.4205
Prss23,-0.4443,29,1.574e-02,0.0444
Elfn2,-0.444,31,1.236e-02,0.0652
Gm5797,0.4438,30,1.402e-02,0.3182
Exoc4,0.4438,29,1.587e-02,0.1731
Olfr2,-0.4438,30,1.402e-02,0.0125
Klhl23,-0.4438,29,1.587e-02,0.0297
Chrm4,-0.4438,29,1.587e-02,0.0196
Mrpl57,0.4435,31,1.244e-02,0.3474
Ankib1,-0.4434,30,1.413e-02,0.0388
Ccdc58,0.4434,30,1.413e-02,0.022
Rps23,0.4433,29,1.600e-02,0.3929
Tomm5,0.4433,29,1.600e-02,0.0805
Tmem63c,-0.4433,29,1.600e-02,0.0333
Rpl36a,0.4433,28,1.813e-02,0.3623
Slc16a7,-0.4429,29,1.613e-02,0.01
Patj,-0.4429,29,1.613e-02,0.0588
Tusc5,-0.4429,29,1.613e-02,0.0349
Utp20,0.4425,30,1.434e-02,0.3085
Prelid3b,0.4424,29,1.627e-02,0.3516
Uba52,0.4424,29,1.627e-02,0.3448
Slc25a24,-0.4424,29,1.627e-02,0.0333
Mrm3,0.442,30,1.445e-02,0.1078
Gm4787,-0.442,30,1.445e-02,0.0
Srsf10,0.442,30,1.445e-02,0.3011
Gapvd1,0.4419,29,1.640e-02,0.0187
Pou3f4,-0.4419,29,1.640e-02,0.0345
Fah,-0.4419,29,1.640e-02,0.0
Polrmt,0.4419,29,1.640e-02,0.2857
Rps26,0.4416,30,1.456e-02,0.407
Timm22,0.4416,30,1.456e-02,0.3039
Olfr1371,0.4415,31,1.290e-02,0.1111
Clvs1,-0.4414,29,1.653e-02,0.0345
Ppm1g,0.4412,30,1.468e-02,0.1471
Mtmr9,0.4412,30,1.468e-02,0.0762
Xrcc3,0.4412,30,1.468e-02,0.2536
Ociad2,-0.4412,30,1.468e-02,0.0374
Ahcyl2,-0.4409,29,1.667e-02,0.0
Olfr295,0.4409,29,1.667e-02,0.0633
1110012L19Rik,-0.4409,29,1.667e-02,0.0682
Mrps14,0.4407,30,1.479e-02,0.3368
Olfr1451,-0.4404,29,1.681e-02,0.0125
Ssbp2,-0.4404,29,1.681e-02,0.0111
Rps28,0.4403,30,1.490e-02,0.4176
Sp8,-0.4403,30,1.490e-02,0.044
Exosc4,0.4403,31,1.318e-02,0.3333
Olfr20,0.4399,29,1.694e-02,0.0652
Egr1,0.4399,29,1.694e-02,0.0408
A630095E13Rik,-0.4399,29,1.694e-02,0.0114
Thoc7,0.4398,30,1.501e-02,0.2273
Tubb1,0.4394,29,1.708e-02,0.01
1700025G04Rik,0.4394,29,1.708e-02,0.0115
Vmn1r233,-0.4394,29,1.708e-02,0.0122
Lrp1,0.4394,29,1.708e-02,0.0288
Prpf18,0.4394,30,1.513e-02,0.1584
Chchd4,0.4391,31,1.346e-02,0.1628
Rpl36,0.439,28,1.944e-02,0.4038
Tldc2,0.4389,29,1.722e-02,0.046
Psmg1,0.4389,30,1.524e-02,0.2247
Tnfaip2,-0.4389,29,1.722e-02,0.0222
Ncald,-0.4389,30,1.524e-02,0.0112
Nova2,0.4385,30,1.536e-02,0.0
Cited2,-0.4385,30,1.536e-02,0.1522
Myo1g,0.4384,29,1.736e-02,0.0674
Fads6,0.4384,29,1.736e-02,0.0426
Prf1,-0.4384,29,1.736e-02,0.0112
Ptgdr2,-0.4384,29,1.736e-02,0.0449
Chaf1b,0.4383,31,1.365e-02,0.3357
Armc5,0.438,30,1.547e-02,0.2151
H2al1o,0.438,30,1.547e-02,0.0222
Cmtm3,0.4379,29,1.750e-02,0.0455
Ppp1r3g,0.4379,29,1.750e-02,0.0562
Cdca5,0.4379,29,1.750e-02,0.2598
Txndc16,-0.4379,29,1.750e-02,0.0099
Tubg1,0.4376,30,1.559e-02,0.3077
Vmn1r20,0.4376,30,1.559e-02,0.06
Olfr611,0.4374,29,1.764e-02,0.0247
Gmds,-0.4374,29,1.764e-02,0.0392
Ift43,-0.4374,29,1.764e-02,0.0562
Gm904,0.4372,30,1.571e-02,0.1591
Vmn2r28,0.4372,30,1.571e-02,0.0635
Tmem248,0.4372,30,1.571e-02,0.0222
Usp25,-0.4369,29,1.779e-02,0.0099
Selenom,0.4369,29,1.779e-02,0.0581
Themis2,-0.4369,29,1.779e-02,0.0115
Egfem1,-0.4369,29,1.779e-02,0.0227
Prl2b1,-0.4369,29,1.779e-02,0.0
Akr1c18,-0.4369,29,1.779e-02,0.0198
Cenpo,0.4367,31,1.404e-02,0.3723
Cenpw,0.4367,31,1.404e-02,0.3483
Smc2,0.4367,31,1.404e-02,0.2946
Lsm8,0.4365,27,2.282e-02,0.3462
Olfr906,0.4365,29,1.793e-02,0.0247
Ccdc166,-0.4365,29,1.793e-02,0.0119
Mat2a,0.4363,31,1.414e-02,0.3019
Dnlz,0.4363,30,1.595e-02,0.2979
Med18,0.4363,30,1.595e-02,0.3043
Npc1l1,0.436,29,1.807e-02,0.0571
Cdk14,-0.436,29,1.807e-02,0.019
Sst,-0.436,29,1.807e-02,0.0
D030056L22Rik,0.436,29,1.807e-02,0.0341
Chrd,-0.436,29,1.807e-02,0.0
Fthl17a,-0.436,29,1.807e-02,0.0179
C2cd2,-0.436,29,1.807e-02,0.023
Apex2,0.436,29,1.807e-02,0.1079
Rpl29,0.4358,30,1.607e-02,0.1653
Akirin2,0.4358,30,1.607e-02,0.2391
Nup210l,-0.4355,29,1.822e-02,0.022
Zscan4b,0.4354,30,1.619e-02,0.0357
Tcea1,0.4354,30,1.619e-02,0.1277
Olfr449,0.435,29,1.837e-02,0.0247
4930558K02Rik,-0.435,29,1.837e-02,0.0112
Tepp,-0.435,29,1.837e-02,0.0119
Mcm4,0.4347,31,1.454e-02,0.3084
4921501E09Rik,-0.4345,29,1.851e-02,0.0116
Thsd7a,0.4345,29,1.851e-02,0.0116
Zc3h12d,-0.4345,29,1.851e-02,0.0112
Sh3bgrl2,-0.4345,29,1.851e-02,0.0227
Tas2r131,-0.4345,30,1.643e-02,0.0297
Htra2,-0.4345,30,1.643e-02,0.0192
Ankrd11,0.434,29,1.866e-02,0.2674
Scn1a,0.434,29,1.866e-02,0.0202
Cpn2,-0.434,29,1.866e-02,0.0667
Camkk2,-0.434,30,1.656e-02,0.0388
Sfrp5,-0.434,30,1.656e-02,0.0495
Hdac6,-0.434,29,1.866e-02,0.0286
Dkc1,0.434,30,1.656e-02,0.3592
Clec2d,-0.434,30,1.656e-02,0.0217
Sept11,0.4338,25,3.025e-02,0.0345
Gsg1,-0.4336,30,1.668e-02,0.0222
Gm19402,0.4335,31,1.485e-02,0.038
Prdm6,-0.4335,29,1.881e-02,0.0098
Spint5,-0.4335,29,1.881e-02,0.0115
Klc4,-0.4335,29,1.881e-02,0.0556
Gmps,0.4331,31,1.495e-02,0.2642
Hist3h2a,0.4331,31,1.495e-02,0.0873
Hist1h2ah,0.4331,31,1.495e-02,0.1667
Metap2,0.4331,30,1.680e-02,0.2981
Ciita,-0.433,29,1.896e-02,0.043
Nat10,0.4327,30,1.693e-02,0.3182
Psmb1,0.4327,31,1.506e-02,0.3714
Wls,-0.4327,30,1.693e-02,0.0556
Rbmx2,0.4327,30,1.693e-02,0.2935
Gosr2,0.4327,30,1.693e-02,0.2286
Unkl,-0.4327,30,1.693e-02,0.0396
Chac2,0.4325,29,1.911e-02,0.0465
Tnfsf10,-0.4325,29,1.911e-02,0.023
Prrg1,-0.4325,29,1.911e-02,0.0341
Csf1,-0.4325,29,1.911e-02,0.03
Nudt4,0.4323,30,1.705e-02,0.068
Asna1,0.4323,31,1.516e-02,0.3208
Sycp2,-0.432,29,1.927e-02,0.0444
Atp11b,0.432,29,1.927e-02,0.0198
Zfp111,-0.432,29,1.927e-02,0.0115
Hltf,-0.432,29,1.927e-02,0.0208
Rbm26,-0.432,29,1.927e-02,0.0467
Ints9,0.4319,31,1.527e-02,0.3196
Alx1,-0.4318,30,1.718e-02,0.0326
Cltc,0.4315,31,1.537e-02,0.3333
Amigo1,0.4315,29,1.942e-02,0.0225
Tnr,-0.4315,29,1.942e-02,0.0297
Cenpa,0.4315,31,1.537e-02,0.3232
Olfr1361,-0.4315,29,1.942e-02,0.0366
Sod3,-0.4315,29,1.942e-02,0.0101
Casr,-0.4315,29,1.942e-02,0.0202
Maf,-0.4314,30,1.731e-02,0.0108
Pde4a,-0.4314,30,1.731e-02,0.0485
Cdc27,0.431,31,1.548e-02,0.2727
Tsc22d1,-0.431,29,1.957e-02,0.0116
Gjb1,-0.431,29,1.957e-02,0.0
Lamtor1,0.431,31,1.548e-02,0.3617
Cwf19l2,0.4309,30,1.744e-02,0.1461
Nkrf,-0.4309,30,1.744e-02,0.0323
2310057M21Rik,0.4305,29,1.973e-02,0.0278
S100a2,-0.4305,29,1.973e-02,0.0115
Tdp1,-0.4305,29,1.973e-02,0.0441
Ccdc142,-0.4305,29,1.973e-02,0.0114
Lsm11,0.43,30,1.770e-02,0.3258
Pramel6,0.43,29,1.989e-02,0.0698
Rhov,0.43,29,1.989e-02,0.0097
Gm11554,0.43,29,1.989e-02,0.1
Gm14305,0.43,30,1.770e-02,0.0789
Pkd2l1,0.4296,29,2.004e-02,0.0396
Ntsr1,-0.4296,29,2.004e-02,0.03
Psmd7,0.4296,30,1.783e-02,0.3077
Stard7,0.4296,29,2.004e-02,0.1848
Cck,-0.4296,29,2.004e-02,0.0227
Zfp319,-0.4296,29,2.004e-02,0.027
Cd33,-0.4296,29,2.004e-02,0.0225
Parp9,-0.4291,29,2.020e-02,0.0211
Fkbp14,-0.4291,30,1.796e-02,0.0097
Zfp994,-0.4291,29,2.020e-02,0.0513
Atg5,-0.4291,30,1.796e-02,0.2326
Stx11,-0.4291,29,2.020e-02,0.0404
Gm5726,0.4291,28,2.269e-02,0.1026
Zdhhc3,-0.4291,29,2.020e-02,0.022
Ddx21,0.429,31,1.602e-02,0.3211
Rdh8,-0.4287,30,1.809e-02,0.0294
Tubgcp3,0.4287,30,1.809e-02,0.25
Vmn2r62,0.4287,30,1.809e-02,0.0638
Scgb2b17,0.4286,29,2.036e-02,0.1591
Olfr23,0.4286,29,2.036e-02,0.061
Mblac1,-0.4286,29,2.036e-02,0.0225
Tpgs1,-0.4286,29,2.036e-02,0.0112
Gpr37,0.4286,29,2.036e-02,0.0291
Samsn1,-0.4286,29,2.036e-02,0.0225
Fxr2,-0.4283,30,1.823e-02,0.0583
Mcm7,0.4283,30,1.823e-02,0.3388
St3gal1,-0.4281,29,2.052e-02,0.0291
Olfr1489,-0.4281,29,2.052e-02,0.0125
Mrpl37,0.4278,31,1.636e-02,0.3364
Pola1,0.4278,31,1.636e-02,0.2897
Diexf,0.4278,31,1.636e-02,0.1954
Snapc2,0.4278,30,1.836e-02,0.2283
Clec2h,-0.4278,30,1.836e-02,0.0115
Eif4a1,0.4278,30,1.836e-02,0.3913
Ppp2ca,0.4278,30,1.836e-02,0.2451
Lzts1,-0.4276,29,2.068e-02,0.0556
Arhgap39,-0.4276,29,2.068e-02,0.0645
Stam2,0.4276,29,2.068e-02,0.0198
Wdr63,-0.4276,29,2.068e-02,0.023
Nkx2-3,-0.4276,29,2.068e-02,0.0111
Crls1,0.4274,30,1.849e-02,0.243
Tfam,0.4274,30,1.849e-02,0.1964
Cdh18,0.4271,29,2.085e-02,0.0227
Card11,0.4271,29,2.085e-02,0.0194
Nudt2,-0.4271,29,2.085e-02,0.0198
Gbp6,0.4271,29,2.085e-02,0.1045
Tmem42,-0.4271,29,2.085e-02,0.023
Ehhadh,-0.4271,29,2.085e-02,0.0288
Copz1,0.427,31,1.658e-02,0.2667
Vmn1r132,0.4269,30,1.863e-02,0.186
Actn1,-0.4269,30,1.863e-02,0.0435
Ceacam18,-0.4269,30,1.863e-02,0.0562
Fthl17b,0.4267,27,2.643e-02,0.0571
Coil,0.4266,29,2.101e-02,0.05
Emp2,-0.4266,29,2.101e-02,0.0326
Il25,-0.4266,29,2.101e-02,0.0093
Sptbn2,-0.4266,29,2.101e-02,0.0114
Rims2,-0.4266,29,2.101e-02,0.0331
Hpdl,0.4266,29,2.101e-02,0.044
Akap2,-0.4265,30,1.877e-02,0.1053
Cthrc1,-0.4265,30,1.877e-02,0.0444
Ufc1,0.4265,30,1.877e-02,0.1923
Gemin5,0.4262,31,1.681e-02,0.2787
Sprtn,0.4262,31,1.681e-02,0.2143
Tmem202,-0.4261,29,2.118e-02,0.0114
Psmd13,0.426,30,1.890e-02,0.3333
Mrpl15,0.426,30,1.890e-02,0.2234
Top3a,0.4258,31,1.693e-02,0.3846
Bcl3,-0.4256,30,1.904e-02,0.0109
Pgr15l,-0.4256,30,1.904e-02,0.0556
Trim61,-0.4256,29,2.134e-02,0.0185
Olfr447,-0.4256,29,2.134e-02,0.0125
Syn1,-0.4256,29,2.134e-02,0.0097
Asb9,-0.4256,29,2.134e-02,0.0099
Rpl39,0.4255,27,2.691e-02,0.2727
Isy1,0.4254,31,1.704e-02,0.2921
Gfer,0.4251,29,2.151e-02,0.2762
Robo3,0.4251,29,2.151e-02,0.0222
Rchy1,-0.4251,29,2.151e-02,0.0
Poln,-0.4251,29,2.151e-02,0.0164
Eif5,0.425,31,1.716e-02,0.375
Vmn1r28,0.425,31,1.716e-02,0.0476
Rad50,0.4247,30,1.932e-02,0.2448
Uba2,0.4246,31,1.728e-02,0.3585
Gm10662,0.4246,31,1.728e-02,0.1739
Klhl6,-0.4246,29,2.168e-02,0.0225
Zdhhc15,-0.4246,29,2.168e-02,0.0198
Lima1,0.4246,29,2.168e-02,0.0
Slc35c1,-0.4246,29,2.168e-02,0.0294
Ptpn20,-0.4246,29,2.168e-02,0.0
Ercc1,0.4242,30,1.946e-02,0.05
Lrrc20,-0.4242,30,1.946e-02,0.0
Aldh18a1,-0.4241,29,2.185e-02,0.049
Aaas,-0.4241,29,2.185e-02,0.125
Spats2l,-0.4241,29,2.185e-02,0.0341
Pld2,-0.4241,29,2.185e-02,0.0194
Mrpl28,0.4238,30,1.960e-02,0.2391
Med30,0.4238,31,1.751e-02,0.2473
Caml,0.4238,30,1.960e-02,0.2736
Igsf8,-0.4236,29,2.202e-02,0.022
Sema3c,-0.4236,29,2.202e-02,0.0111
Rmdn2,0.4232,29,2.219e-02,0.0337
S100a10,-0.4232,29,2.219e-02,0.011
Dctd,-0.4232,29,2.219e-02,0.0392
Tsx,-0.4232,29,2.219e-02,0.0114
Mrpl35,0.4229,30,1.989e-02,0.2637
Cdc73,0.4229,30,1.989e-02,0.3243
Arl6ip1,0.4229,30,1.989e-02,0.0444
Erbin,0.4227,29,2.236e-02,0.0341
Kit,-0.4227,29,2.236e-02,0.0194
Serpina1d,0.4227,29,2.236e-02,0.0412
Aen,0.4227,29,2.236e-02,0.098
Klk8,-0.4227,29,2.236e-02,0.0291
Chga,-0.4227,29,2.236e-02,0.0
Sele,-0.4227,29,2.236e-02,0.0
Dnajc2,0.4225,30,2.003e-02,0.3019
Nubp1,0.4225,30,2.003e-02,0.3596
Rbpms,-0.4225,30,2.003e-02,0.0978
Scn5a,-0.4222,29,2.253e-02,0.0198
Ccnt1,0.422,30,2.018e-02,0.1905
Lancl2,-0.422,30,2.018e-02,0.0333
Grb2,0.4217,29,2.271e-02,0.21
Hif3a,-0.4217,29,2.271e-02,0.0111
Slc2a2,-0.4217,29,2.271e-02,0.0194
Olfr196,0.4217,29,2.271e-02,0.0357
E2f7,-0.4217,29,2.271e-02,0.0556
Hoxd9,-0.4217,29,2.271e-02,0.0111
Nid2,0.4217,29,2.271e-02,0.0
Ska2,0.4216,30,2.032e-02,0.3023
Lhfpl1,-0.4216,30,2.032e-02,0.0455
Nelfcd,0.4214,31,1.824e-02,0.2717
Ppt1,0.4212,29,2.288e-02,0.0385
Rgs12,-0.4212,29,2.288e-02,0.0182
Chn1,-0.4207,29,2.306e-02,0.0345
Ndufa1,0.4207,30,2.062e-02,0.3269
Tmem59,-0.4207,29,2.306e-02,0.0108
Scgb1b7,0.4206,31,1.848e-02,0.2917
Cdan1,0.4206,31,1.848e-02,0.2333
Copb1,0.4206,31,1.848e-02,0.2736
Efcab12,0.4202,29,2.324e-02,0.0247
Dctn4,0.4202,29,2.324e-02,0.2955
Yipf2,-0.4202,29,2.324e-02,0.0111
1700109H08Rik,-0.4202,29,2.324e-02,0.0227
H2afx,0.4202,30,2.077e-02,0.1094
Pcdhac2,0.42,25,3.659e-02,0.0361
Mrpl53,0.4198,30,2.092e-02,0.2697
Gas1,-0.4198,30,2.092e-02,0.0549
Lsm2,0.4197,29,2.342e-02,0.3736
Slc30a1,-0.4197,29,2.342e-02,0.0194
Fam168a,-0.4197,29,2.342e-02,0.0568
Capn7,-0.4197,29,2.342e-02,0.022
Pramef8,0.4197,29,2.342e-02,0.0345
Atp5a1,0.4194,30,2.107e-02,0.3495
Armc7,0.4194,31,1.886e-02,0.3483
Naf1,0.4194,30,2.107e-02,0.3077
Tro,-0.4194,30,2.107e-02,0.0333
Pmfbp1,0.4192,29,2.360e-02,0.0111
Tbc1d22b,-0.4192,29,2.360e-02,0.0449
Ugt2b35,0.4192,29,2.360e-02,0.0392
Mbd5,-0.4192,29,2.360e-02,0.0267
Rhox11,-0.4192,29,2.360e-02,0.0
Nvl,0.419,31,1.898e-02,0.2979
Hist1h1d,0.4189,30,2.122e-02,0.1277
Cyb561d2,-0.4189,30,2.122e-02,0.0196
Alppl2,-0.4187,29,2.378e-02,0.0196
Celf2,-0.4187,29,2.378e-02,0.0
Mtpn,-0.4187,29,2.378e-02,0.0222
Olfr782,-0.4185,30,2.137e-02,0.0125
Cox5a,0.4185,30,2.137e-02,0.217
Snx29,-0.4185,30,2.137e-02,0.0349
Ccdc36,-0.4185,30,2.137e-02,0.0225
Olfm3,-0.4182,29,2.396e-02,0.0116
Olfr1173,0.4182,29,2.396e-02,0.0127
Hrh3,-0.4182,29,2.396e-02,0.0291
Vrk3,0.4182,29,2.396e-02,0.0481
Haao,-0.4181,31,1.924e-02,0.0481
Haus5,0.4181,31,1.924e-02,0.3187
Baz2a,-0.418,30,2.152e-02,0.0278
Pkn2,0.4177,29,2.414e-02,0.1682
Olfr703,0.4177,29,2.414e-02,0.0127
Luc7l2,-0.4177,29,2.414e-02,0.0288
Fsd1l,-0.4176,30,2.168e-02,0.0
Adcy4,-0.4176,30,2.168e-02,0.0297
Ano2,-0.4176,30,2.168e-02,0.0
Olfr763,-0.4173,31,1.950e-02,0.0851
Rhbdf2,0.4172,29,2.433e-02,0.0326
Camk2g,0.4172,29,2.433e-02,0.019
Rnaset2a,-0.4172,29,2.433e-02,0.0909
Egfl6,-0.4172,29,2.433e-02,0.0111
Chst15,-0.4172,29,2.433e-02,0.02
Foxd2,-0.4171,30,2.183e-02,0.0326
Icmt,0.4171,30,2.183e-02,0.1714
Abhd18,-0.4167,29,2.451e-02,0.0536
Myt1,-0.4167,29,2.451e-02,0.0421
Ankrd7,-0.4167,29,2.451e-02,0.0227
Tmc2,0.4167,29,2.451e-02,0.0345
Polr3a,0.4167,29,2.451e-02,0.3107
Bicral,-0.4167,29,2.451e-02,0.0787
Ipo9,0.4165,31,1.976e-02,0.215
Tdrd12,-0.4163,29,2.470e-02,0.0
Blzf1,-0.4163,29,2.470e-02,0.0444
Ascl5,-0.4163,29,2.470e-02,0.0238
Chd8,0.4162,30,2.214e-02,0.1969
Mak16,0.4161,31,1.989e-02,0.337
Igf2r,-0.4158,29,2.489e-02,0.0577
Gypa,-0.4158,29,2.489e-02,0.023
Rnf126,-0.4158,30,2.230e-02,0.0971
Clec3a,-0.4158,29,2.489e-02,0.0115
Hist1h2bf,0.4158,30,2.230e-02,0.3019
Rasl12,-0.4158,29,2.489e-02,0.0202
Gm6760,-0.4158,30,2.230e-02,0.0247
Neurog1,-0.4158,29,2.489e-02,0.0337
Polr2h,0.4158,29,2.489e-02,0.3269
Ccdc85c,-0.4158,29,2.489e-02,0.0114
Sdcbp,-0.4158,30,2.230e-02,0.0194
Hist1h2ak,0.4157,31,2.002e-02,0.1556
Ppil4,0.4154,30,2.246e-02,0.3333
Smg6,0.4154,30,2.246e-02,0.2336
Gnai3,0.4153,29,2.508e-02,0.0577
Eme1,0.4153,29,2.508e-02,0.1732
Ccdc136,-0.4153,31,2.015e-02,0.0674
Myh1,-0.4153,29,2.508e-02,0.0202
Lman1l,-0.4153,29,2.508e-02,0.0115
Cfap20,0.4153,31,2.015e-02,0.3556
Lmx1b,-0.4153,29,2.508e-02,0.0222
Phc2,-0.4153,29,2.508e-02,0.01
Tlx1,-0.4153,29,2.508e-02,0.0225
Gabpa,0.4153,29,2.508e-02,0.234
Tmprss7,-0.4153,29,2.508e-02,0.01
Gm14434,0.4151,27,3.129e-02,0.1818
Arpp19,0.4149,30,2.262e-02,0.099
Supt6,0.4149,31,2.029e-02,0.3562
Acd,0.4149,31,2.029e-02,0.2174
Fbxl13,-0.4149,30,2.262e-02,0.0388
Praf2,-0.4148,29,2.527e-02,0.0455
Pxt1,0.4148,29,2.527e-02,0.0235
Rev3l,0.4148,29,2.527e-02,0.1397
Lrrc4b,0.4148,29,2.527e-02,0.0396
Uqcc2,0.4145,31,2.042e-02,0.2917
Bcl2,-0.4145,30,2.278e-02,0.0901
Rars,0.4145,30,2.278e-02,0.2381
Nol10,0.4145,31,2.042e-02,0.3626
Arl4d,0.4143,29,2.546e-02,0.0192
Calml3,-0.4143,29,2.546e-02,0.0222
Dmkn,-0.4143,29,2.546e-02,0.0238
C330021F23Rik,0.4141,31,2.056e-02,0.322
Fam180a,-0.4138,29,2.565e-02,0.0225
Pramel1,-0.4138,29,2.565e-02,0.0345
Zdhhc8,-0.4138,29,2.565e-02,0.011
Cyth1,-0.4138,29,2.565e-02,0.0222
1700031F05Rik,0.4136,30,2.310e-02,0.0114
Lrrc29,-0.4136,30,2.310e-02,0.0423
Olfr1413,-0.4133,29,2.585e-02,0.0
Metrn,0.4133,29,2.585e-02,0.0455
Cdc123,0.4133,31,2.083e-02,0.3118
Chmp1a,-0.4133,29,2.585e-02,0.0899
Vmn1r41,-0.4133,29,2.585e-02,0.037
Hsd17b6,-0.4133,29,2.585e-02,0.0
Urb2,0.4131,30,2.326e-02,0.3043
Srms,-0.4128,29,2.604e-02,0.0198
Twf2,-0.4128,29,2.604e-02,0.0374
Pkp2,-0.4127,30,2.343e-02,0.0337
Cd52,0.4123,29,2.624e-02,0.0227
Rab36,-0.4123,29,2.624e-02,0.0202
Rap1a,0.4123,29,2.624e-02,0.0
Defb28,-0.4123,29,2.624e-02,0.0
Senp5,-0.4123,29,2.624e-02,0.02
Batf2,-0.4123,29,2.624e-02,0.0222
Cyba,0.4118,29,2.644e-02,0.02
Gm17455,0.4118,30,2.376e-02,0.0
Olfr1513,-0.4118,29,2.644e-02,0.0123
Vmn2r16,-0.4118,29,2.644e-02,0.0247
Fdxr,0.4118,30,2.376e-02,0.3396
6430548M08Rik,-0.4118,29,2.644e-02,0.0345
5830473C10Rik,-0.4118,29,2.644e-02,0.0115
Gjc3,-0.4118,30,2.376e-02,0.0098
Actr8,0.4113,31,2.152e-02,0.1732
Cox7b,0.4113,31,2.152e-02,0.2222
Ect2,0.4113,30,2.393e-02,0.3441
Mamld1,-0.4113,30,2.393e-02,0.0114
Zc2hc1c,-0.4113,29,2.664e-02,0.0227
Fam49b,-0.4113,29,2.664e-02,0.1236
Kif4,0.4113,31,2.152e-02,0.2688
Wdfy1,-0.4113,29,2.664e-02,0.0222
Vmn2r96,-0.4113,29,2.664e-02,0.0612
Them6,-0.4113,29,2.664e-02,0.0341
Gnl3l,0.4113,30,2.393e-02,0.2947
Hist3h2ba,0.4109,30,2.409e-02,0.1529
Ecm1,-0.4109,30,2.409e-02,0.0096
Med20,0.4109,30,2.409e-02,0.3431
Polr1a,0.4109,30,2.409e-02,0.2857
Dnaaf1,-0.4109,30,2.409e-02,0.0225
Loxl2,-0.4103,29,2.704e-02,0.0098
Kcnh7,-0.4103,29,2.704e-02,0.0099
Kcnf1,-0.4103,29,2.704e-02,0.0099
D7Ertd443e,-0.4103,29,2.704e-02,0.0115
Nupl1,0.4101,31,2.195e-02,0.1373
Tfip11,0.4101,31,2.195e-02,0.2088
Sympk,0.41,30,2.443e-02,0.2889
Pcif1,-0.41,30,2.443e-02,0.086
Zmiz2,0.4099,29,2.724e-02,0.0674
Mtfr2,0.4099,29,2.724e-02,0.0112
Git1,-0.4099,29,2.724e-02,0.0341
Itpkc,-0.4099,29,2.724e-02,0.0097
Lrrc69,-0.4099,29,2.724e-02,0.0112
Scara5,-0.4099,29,2.724e-02,0.0337
Aatf,0.4097,31,2.209e-02,0.299
Lysmd1,0.4096,30,2.460e-02,0.0926
Polr1d,0.4096,30,2.460e-02,0.3069
Olfr1367,-0.4094,29,2.744e-02,0.05
Cabp5,-0.4094,29,2.744e-02,0.0787
Olfr891,-0.4094,29,2.744e-02,0.0
Ppp1r17,-0.4094,29,2.744e-02,0.023
Ly6e,-0.4094,29,2.744e-02,0.0215
Nbeal1,-0.4094,29,2.744e-02,0.0345
Atp7a,-0.4094,29,2.744e-02,0.0392
Add1,-0.4094,29,2.744e-02,0.0435
Nampt,0.4093,31,2.224e-02,0.2385
Hist1h2bh,0.4091,30,2.477e-02,0.3036
Sybu,-0.4091,30,2.477e-02,0.0341
Hist1h2ac,0.4089,31,2.238e-02,0.2361
Nom1,0.4089,31,2.238e-02,0.3053
Gm16513,0.4089,28,3.075e-02,0.1613
Cxcl12,-0.4089,29,2.765e-02,0.0094
Hdhd5,-0.4087,30,2.495e-02,0.011
Slc39a9,-0.4087,30,2.495e-02,0.0485
Sacm1l,0.4085,31,2.253e-02,0.3148
Olfr1273-ps,0.4085,25,4.265e-02,0.075
Zfp608,-0.4084,29,2.785e-02,0.0283
Ralbp1,0.4084,29,2.785e-02,0.0396
Vmn1r238,0.4082,30,2.512e-02,0.12
Cox10,0.4082,30,2.512e-02,0.2182
Tubb3,0.4082,30,2.512e-02,0.0291
Exoc1,0.4082,30,2.512e-02,0.1456
Lyz1,-0.4079,29,2.806e-02,0.0194
Glrx,0.4079,29,2.806e-02,0.049
Pou2af1,-0.4079,29,2.806e-02,0.0
Nat8f2,0.4079,29,2.806e-02,0.023
Got1l1,-0.4078,30,2.529e-02,0.0112
Tbcd,0.4077,31,2.282e-02,0.3226
Tuba1a,0.4073,31,2.297e-02,0.2262
Usp14,0.4069,29,2.848e-02,0.0962
Mrpl12,0.4069,31,2.312e-02,0.3617
Serf1,0.4069,29,2.848e-02,0.0
Dis3,0.4069,31,2.312e-02,0.3056
Dis3l,0.4069,30,2.565e-02,0.15
Ctso,-0.4069,29,2.848e-02,0.0227
Zwint,0.4069,30,2.565e-02,0.2637
Rab32,-0.4069,29,2.848e-02,0.044
Iars,0.4065,31,2.327e-02,0.3084
Fam84b,-0.4065,30,2.582e-02,0.0
AW209491,-0.4064,29,2.869e-02,0.0225
Zfp874b,-0.4064,29,2.869e-02,0.0
Fam135a,-0.4064,29,2.869e-02,0.0198
Pcdhga12,-0.4062,25,4.395e-02,0.0366
Adss,0.4061,28,3.200e-02,0.1275
Olfr561,-0.406,30,2.600e-02,0.037
Atp6v1c1,0.406,30,2.600e-02,0.2427
Gas2l2,0.4059,29,2.890e-02,0.0568
Bpi,-0.4059,29,2.890e-02,0.03
Col23a1,0.4059,29,2.890e-02,0.04
Rhag,-0.4059,29,2.890e-02,0.03
Ccnb2,0.4059,29,2.890e-02,0.0769
Cplx1,-0.4059,29,2.890e-02,0.0594
H2-M1,0.4059,29,2.890e-02,0.0455
Zmpste24,0.4059,29,2.890e-02,0.0294
Ccdc12,0.4059,29,2.890e-02,0.3222
Amy2a2,0.4056,30,2.618e-02,0.0806
Hrasls,-0.4056,30,2.618e-02,0.023
Telo2,0.4056,30,2.618e-02,0.2857
Psmd14,0.4056,30,2.618e-02,0.2378
Ndufaf2,-0.4054,29,2.912e-02,0.0645
Prdm13,-0.4054,29,2.912e-02,0.019
Klk9,0.4054,29,2.912e-02,0.0
Parp3,-0.4054,29,2.912e-02,0.0219
Rflna,-0.4054,29,2.912e-02,0.0098
Pdia5,-0.4054,29,2.912e-02,0.0
Glyat,-0.4054,29,2.912e-02,0.0
Clec4b2,-0.4054,29,2.912e-02,0.0
Wnk2,-0.4054,29,2.912e-02,0.0102
Gm12789,0.4052,31,2.372e-02,0.0633
Tcn2,0.4051,30,2.636e-02,0.04
Yif1b,-0.4051,30,2.636e-02,0.0225
Anapc10,0.4051,30,2.636e-02,0.2692
C77080,-0.4049,29,2.933e-02,0.0114
Rpusd3,0.4049,29,2.933e-02,0.0444
Gpx5,-0.4049,29,2.933e-02,0.0
S100a13,-0.4048,31,2.388e-02,0.0297
Supt4a,0.4047,30,2.654e-02,0.2453
Hist1h2ag,0.4047,30,2.654e-02,0.3393
Yme1l1,0.4044,29,2.955e-02,0.2366
Mcm3,0.4044,31,2.403e-02,0.3303
Zfp455,-0.4044,29,2.955e-02,0.0227
Ccl22,-0.4044,29,2.955e-02,0.0112
Rfpl4,-0.4044,29,2.955e-02,0.0
Hist1h4a,0.4044,31,2.403e-02,0.1786
Tgm4,-0.4044,29,2.955e-02,0.0
Nmur2,-0.4044,29,2.955e-02,0.0303
Erich5,-0.4044,29,2.955e-02,0.0345
Cse1l,0.4042,30,2.673e-02,0.3465
Letmd1,-0.4042,30,2.673e-02,0.0111
Mrpl54,0.4042,30,2.673e-02,0.1978
Slu7,0.404,31,2.418e-02,0.2718
Ccnc,0.4039,29,2.977e-02,0.2766
Akap3,-0.4039,29,2.977e-02,0.0
Sytl5,-0.4039,29,2.977e-02,0.022
Cript,0.4039,29,2.977e-02,0.2093
Cd247,0.4039,29,2.977e-02,0.0392
Olfr332,0.4038,30,2.691e-02,0.0366
Notch4,-0.4036,31,2.434e-02,0.0444
Rad23b,0.4034,29,2.999e-02,0.0942
Edn1,-0.4034,29,2.999e-02,0.0
Ripply3,-0.4034,29,2.999e-02,0.023
Gfm1,0.4034,29,2.999e-02,0.2925
Taar8c,-0.4034,29,2.999e-02,0.0308
Itpripl1,0.4034,29,2.999e-02,0.0112
Tecpr2,-0.4034,29,2.999e-02,0.0112
Ccdc28b,0.4034,29,2.999e-02,0.0667
Dhx29,0.4033,30,2.710e-02,0.2
Bpifa3,0.4033,30,2.710e-02,0.0112
Trappc6a,-0.4033,30,2.710e-02,0.0588
Zbtb17,0.4033,30,2.710e-02,0.1456
Dhx33,0.4033,30,2.710e-02,0.3426
Myh7,-0.403,29,3.021e-02,0.01
Hoxb4,-0.4029,30,2.728e-02,0.011
Polr2b,0.4029,30,2.728e-02,0.3143
Dnm2,0.4028,31,2.465e-02,0.3679
Gm3500,0.4028,28,3.355e-02,0.3143
Cypt14,-0.4025,29,3.043e-02,0.023
Pdlim2,-0.4025,29,3.043e-02,0.0112
Wdtc1,-0.4025,29,3.043e-02,0.0294
Pate4,-0.4025,29,3.043e-02,0.0118
Isg20,0.4024,30,2.747e-02,0.0189
Gm10670,0.4024,26,4.155e-02,0.1714
Hcn2,-0.4024,30,2.747e-02,0.0096
Rnf44,-0.4024,30,2.747e-02,0.0294
Chdh,0.402,29,3.065e-02,0.0294
Rpl7l1,0.402,29,3.065e-02,0.3404
BC049730,0.402,29,3.065e-02,0.0562
Glb1l,-0.402,29,3.065e-02,0.0337
Dennd4a,-0.402,29,3.065e-02,0.0225
Ctc1,0.4016,30,2.784e-02,0.1778
Gtf2e2,0.4016,31,2.513e-02,0.2747
Slxl1,0.4016,31,2.513e-02,0.2
Pde4d,-0.4016,30,2.784e-02,0.0312
Lipk,-0.4016,30,2.784e-02,0.043
Pcdhga11,-0.4015,25,4.664e-02,0.0244
Cyhr1,-0.4015,29,3.088e-02,0.023
Slamf6,-0.4015,29,3.088e-02,0.0303
Rps16,0.4015,29,3.088e-02,0.3483
Cd200r3,-0.4015,29,3.088e-02,0.0
Abca15,-0.4015,29,3.088e-02,0.0115
Brd4,0.4012,31,2.529e-02,0.2551
Trim41,0.4011,30,2.803e-02,0.0577
D630045J12Rik,-0.4011,30,2.803e-02,0.011
Psmg3,0.4011,30,2.803e-02,0.3118
Tas2r126,0.401,29,3.110e-02,0.0102
Fam185a,-0.401,29,3.110e-02,0.0
Mal2,-0.401,29,3.110e-02,0.01
Fam221a,-0.401,29,3.110e-02,0.023
Ddx51,0.4007,30,2.822e-02,0.2857
Pop4,0.4007,30,2.822e-02,0.297
Mfn1,0.4005,29,3.133e-02,0.1881
Arsk,-0.4005,29,3.133e-02,0.068
Sgk1,0.4005,29,3.133e-02,0.0194
Eral1,0.4004,31,2.561e-02,0.3297
Nop9,0.4004,31,2.561e-02,0.2967
Sbno1,0.4004,31,2.561e-02,0.2314
Emx2,0.4002,30,2.842e-02,0.0
Cks1b,0.4002,30,2.842e-02,0.1182
Rbm33,0.4,29,3.156e-02,0.2472
Zfp354c,0.4,29,3.156e-02,0.0233
Rbbp9,-0.4,29,3.156e-02,0.0225
3110035E14Rik,-0.4,29,3.156e-02,0.061
Mtrf1l,0.4,31,2.577e-02,0.3043
Olfr1474,-0.4,29,3.156e-02,0.025
Tub,-0.4,29,3.156e-02,0.0101
Cfap65,-0.4,29,3.156e-02,0.0326
